Currency,Date,Closing Price (USD),24h Open (USD),24h High (USD),24h Low (USD)
BTC,2018-01-01,13439.4175,13062.145,14213.44125,12587.60375
BTC,2018-01-02,13337.62125,13439.4175,13892.2425,12859.8025
BTC,2018-01-03,14881.545,13337.62125,15216.75625,12955.965
BTC,2018-01-04,15104.45,14881.545,15394.98625,14588.595
BTC,2018-01-05,14953.8525,15104.45,15194.40625,14225.16625
BTC,2018-01-06,16576.69625,14953.8525,17118.35625,14816.50875
BTC,2018-01-07,16735.10625,16576.69625,17211.92375,16254.94875
BTC,2018-01-08,15632.41125,16735.10625,16861.20875,15546.415
BTC,2018-01-09,15242.93625,15632.41125,15944.5225,13957.9125
BTC,2018-01-10,14122.825,15242.93625,15360.1325,13968.24375
BTC,2018-01-11,13269.5975,14122.825,14942.61125,13161.5775
BTC,2018-01-12,13633.36375,13269.5975,14198.5325,12845.7125
BTC,2018-01-13,14165.90625,13633.36375,14262.0075,13363.81
BTC,2018-01-14,14217.3625,14165.90625,14536.54,14013.9475
BTC,2018-01-15,13519.92625,14217.3625,14245.52,13051.59375
BTC,2018-01-16,12915.11625,13519.92625,14307.53375,12762.9975
BTC,2018-01-17,10870.16875,12915.11625,13211.24625,10063.1175
BTC,2018-01-18,11340.65,10870.16875,11764.13625,9199.5925
BTC,2018-01-19,11137.36875,11340.65,12045.095,10663.945
BTC,2018-01-20,11742.94125,11137.36875,11955.4425,11022.02875
BTC,2018-01-21,12486.06625,11742.94125,13007.25125,11596.715
BTC,2018-01-22,11508.62,12486.06625,12486.06625,11096.0525
BTC,2018-01-23,10872.9025,11508.62,11868.715,10050.7925
BTC,2018-01-24,10830.9275,10872.9025,11358.33625,9972.2875
BTC,2018-01-25,11629.375,10830.9275,11710.9975,10497.15375
BTC,2018-01-26,11524.345,11629.375,11629.375,10889.045
BTC,2018-01-27,11005.615,11524.345,11540.4075,10321.04125
BTC,2018-01-28,11452.23,11005.615,11574.36125,10855.46
BTC,2018-01-29,11412.79375,11452.23,11942.255,11303.365
BTC,2018-01-30,10917.15125,11412.79375,11480.56375,10805.81625
BTC,2018-01-31,9914.4725,10917.15125,11063.8,9627.88875
BTC,2018-02-01,9970.30875,9914.4725,10334.41875,9688.28
BTC,2018-02-02,8715.59499,9970.30875,10169.8225,8563.9275
BTC,2018-02-03,8285.50124,8715.59499,9095.79999,7695.10375
BTC,2018-02-04,9192.045,8285.50124,9471.45624,8192.62999
BTC,2018-02-05,8136.39,9192.045,9363.41124,7859.5125
BTC,2018-02-06,6332.37,8136.39,8346.90625,6197.98
BTC,2018-02-07,7270.5075,6332.37,7957.3425,5947.39625
BTC,2018-02-08,7987.28125,7270.5075,8582.92625,7207.97125
BTC,2018-02-09,8086.7725,7987.28125,8621.275,7808.22
BTC,2018-02-10,8930.13875,8086.7725,9005.03375,7754.67
BTC,2018-02-11,8045.44,8930.13875,9070.63875,8030.6725
BTC,2018-02-12,8478.92499,8045.44,8566.15875,7845.12625
BTC,2018-02-13,8766.8525,8478.92499,8977.0775,8362.84125
BTC,2018-02-14,8693.2525,8766.8525,8772.87999,8370.48375
BTC,2018-02-15,9659.2875,8693.2525,9722.5475,8693.2525
BTC,2018-02-16,10110.83875,9659.2875,10293.44,9496.01874
BTC,2018-02-17,10474.77125,10110.83875,10496.205,9718.59375
BTC,2018-02-18,10855.9375,10474.77125,11279.17875,10472.71625
BTC,2018-02-19,10537.00625,10855.9375,10963.68625,10156.38125
BTC,2018-02-20,11416.03875,10537.00625,11497.405,10405.97625
BTC,2018-02-21,10928.02,11416.03875,11767.5775,10871.53125
BTC,2018-02-22,10727.9525,10928.02,11180.56125,10244.32125
BTC,2018-02-23,9809.72125,10727.9525,10913.64875,9592.95999
BTC,2018-02-24,10412.36875,9809.72125,10454.48,9705.1625
BTC,2018-02-25,9585.285,10412.36875,10509.625,9381.17125
BTC,2018-02-26,9627.71625,9585.285,9858.15749,9304.6825
BTC,2018-02-27,10272.9025,9627.71625,10443.27625,9386.48625
BTC,2018-02-28,10903.01875,10272.9025,10953.17375,10226.84874
BTC,2018-03-01,10352.04625,10903.01875,11044.16125,10222.435
BTC,2018-03-02,11100.2925,10352.04625,11165.6575,10329.06
BTC,2018-03-03,11305.1225,11100.2925,11351.24,10784.22125
BTC,2018-03-04,11171.8175,11305.1225,11498.415,11127.895
BTC,2018-03-05,11558.475,11171.8175,11574.94125,11067.785
BTC,2018-03-06,11246.7475,11558.475,11660.2425,11182.55125
BTC,2018-03-07,10735.88625,11246.7475,11323.345,10584.95875
BTC,2018-03-08,9552.75875,10735.88625,10810.4775,9468.44625
BTC,2018-03-09,8980.19249,9552.75875,10101.28125,8897.02249
BTC,2018-03-10,9251.2925,8980.19249,9413.14625,8370.79625
BTC,2018-03-11,8680.6075,9251.2925,9505.25625,8474.54
BTC,2018-03-12,9433.47374,8680.6075,9730.08124,8588.22875
BTC,2018-03-13,9047.5125,9433.47374,9885.2225,8778.20624
BTC,2018-03-14,9260.70875,9047.5125,9474.6775,8860.875
BTC,2018-03-15,7895.98875,9260.70875,9260.70875,7760.53125
BTC,2018-03-16,8039.6025,7895.98875,8413.11125,7676.51875
BTC,2018-03-17,8206.555,8039.6025,8599.54,8035.64
BTC,2018-03-18,7667.99,8206.555,8342.135,7559.26375
BTC,2018-03-19,8189.49125,7667.99,8434.9275,7335.5725
BTC,2018-03-20,8597.3375,8189.49125,8702.465,8130.24
BTC,2018-03-21,9028.2975,8597.3375,9050.51625,8324.26125
BTC,2018-03-22,9023.7175,9028.2975,9159.90125,8765.57
BTC,2018-03-23,8411.6525,9023.7175,9045.44249,8347.285
BTC,2018-03-24,8881.98625,8411.6525,8970.66124,8296.32625
BTC,2018-03-25,8548.8125,8881.98625,9000.44375,8462.90375
BTC,2018-03-26,8429.33124,8548.8125,8660.48749,8370.48875
BTC,2018-03-27,7854.6375,8429.33124,8476.96875,7826.01375
BTC,2018-03-28,7863.255,7854.6375,8130.44875,7744.82125
BTC,2018-03-29,7866.36,7863.255,8096.01625,7814.895
BTC,2018-03-30,6861.325,7866.36,7868.8325,6686.85
BTC,2018-03-31,6970.36375,6861.325,7266.065,6593.73625
BTC,2018-04-01,6926.875,6970.36375,7213.50375,6796.82125
BTC,2018-04-02,6986.835,6926.875,7023.0875,6443.20125
BTC,2018-04-03,7182.12,6986.835,7194.8425,6854.62375
BTC,2018-04-04,7295.89,7182.12,7506.6775,7182.12
BTC,2018-04-05,6769.48375,7295.89,7385.70875,6583.85375
BTC,2018-04-06,6766.5925,6769.48375,6918.6975,6630.9025
BTC,2018-04-07,6854.92125,6766.5925,6892.49375,6513.1025
BTC,2018-04-08,6964.4325,6854.92125,7050.49625,6783.28625
BTC,2018-04-09,7125.53875,6964.4325,7159.98,6897.75
BTC,2018-04-10,6789.2675,7125.53875,7170.76,6616.57125
BTC,2018-04-11,6824.49375,6789.2675,6878.08375,6659.51
BTC,2018-04-12,6941.63875,6824.49375,6964.0825,6807.4375
BTC,2018-04-13,7823.55875,6941.63875,8055.20125,6766.37
BTC,2018-04-14,8040.88125,7823.55875,8218.70375,7767.79875
BTC,2018-04-15,8083.57375,8040.88125,8174.69875,7882.1425
BTC,2018-04-16,8160.4125,8083.57375,8407.7175,8060.46875
BTC,2018-04-17,8030.57,8160.4125,8162.8075,7909.14125
BTC,2018-04-18,7937.61,8030.57,8151.0975,7834.4
BTC,2018-04-19,8188.71875,7937.61,8253.88625,7886.1775
BTC,2018-04-20,8333.81374,8188.71875,8380.25124,8104.87875
BTC,2018-04-21,8866.67,8333.81374,8930.43,8221.25375
BTC,2018-04-22,8830.05875,8866.67,9021.07,8615.67625
BTC,2018-04-23,8868.16124,8830.05875,9009.82,8761.88375
BTC,2018-04-24,9191.82,8868.16124,9220.9675,8818.75875
BTC,2018-04-25,9373.3025,9191.82,9746.81749,9191.82
BTC,2018-04-26,8807.515,9373.3025,9514.41375,8662.285
BTC,2018-04-27,9153.64125,8807.515,9303.01874,8660.8675
BTC,2018-04-28,9144.38375,9153.64125,9372.38375,8873.65166
BTC,2018-04-29,9444.1425,9144.38375,9536.64,9085.22374
BTC,2018-04-30,9268.7175,9444.1425,9472.4975,9182.6775
BTC,2018-05-01,8949.87624,9268.7175,9344.89125,8883.5875
BTC,2018-05-02,9029.47875,8949.87624,9134.9525,8842.03249
BTC,2018-05-03,9228.8525,9029.47875,9262.32625,9025.18625
BTC,2018-05-04,9572.69875,9228.8525,9790.94249,9162.18625
BTC,2018-05-05,9817.5975,9572.69875,9855.62875,9572.69875
BTC,2018-05-06,9845.54375,9817.5975,9954.95375,9700.90625
BTC,2018-05-07,9326.76125,9845.54375,9869.65,9229.74875
BTC,2018-05-08,9424.99124,9326.76125,9454.91875,9188.65875
BTC,2018-05-09,9039.02875,9424.99124,9426.52,9003.135
BTC,2018-05-10,9327.04999,9039.02875,9360.41,8975.97374
BTC,2018-05-11,8920.25625,9327.04999,9383.295,8874.54
BTC,2018-05-12,8408.35875,8920.25625,9002.49,8350.12875
BTC,2018-05-13,8442.23875,8408.35875,8642.8025,8220.5175
BTC,2018-05-14,8398.86249,8442.23875,8758.58124,8343.305
BTC,2018-05-15,8711.38875,8398.86249,8878.945,8296.14125
BTC,2018-05-16,8159.25625,8711.38875,8835.5125,8110.32625
BTC,2018-05-17,8360.22875,8159.25625,8458.52625,8146.6825
BTC,2018-05-18,7996.82125,8360.22875,8373.22374,7931.42875
BTC,2018-05-19,8237.3425,7996.82125,8273.5375,7972.5875
BTC,2018-05-20,8250.395,8237.3425,8392.77125,8154.14625
BTC,2018-05-21,8493.13125,8250.395,8582.8025,8230.20999
BTC,2018-05-22,8324.025,8493.13125,8566.1375,8260.78125
BTC,2018-05-23,7951.51375,8324.025,8344.72374,7866.72875
BTC,2018-05-24,7614.96375,7951.51375,7951.8025,7442.2414839965
BTC,2018-05-25,7599.9525,7614.96375,7721.83125,7272.645
BTC,2018-05-26,7436.835,7599.9525,7651.105546959,7335.3008168209
BTC,2018-05-27,7296.79625,7436.835,7617.845280125,7226.65
BTC,2018-05-28,7383.2175,7296.79625,7431.44,7251.02
BTC,2018-05-29,7118.42375,7383.2175,7386.68,7043.2823586382
BTC,2018-05-30,7491.61125,7118.42375,7562.366729247,7051.9578394976
BTC,2018-05-31,7363.27625,7491.61125,7541.0957594866,7282.1837278438
BTC,2018-06-01,7490.62125,7540.8105222724,7614.063907643,7361.565
BTC,2018-06-02,7518.333328931,7494.0654822749,7599.1804741896,7393.287587982
BTC,2018-06-03,7630.403388155,7516.6125685348,7696.5429259941,7450.6980170172
BTC,2018-06-04,7716.1450680606,7638.232021408,7774.8292847221,7600.2639442066
BTC,2018-06-05,7505.5892769261,7706.6398292592,7760.1783077338,7451.5239469731
BTC,2018-06-06,7624.1879705558,7505.5892814697,7671.3076224517,7361.0026225192
BTC,2018-06-07,7658.57,7617.98,7694.6,7485
BTC,2018-06-08,7684.93,7658.57,7747,7630
BTC,2018-06-09,7618.11,7684.93,7697,7540
BTC,2018-06-10,7495.1,7618.11,7678,7468.39
BTC,2018-06-11,6770.31,7495.1,7496.41,6645
BTC,2018-06-12,6780.3408026703,6680.2168597016,6798.66293569,6673.123680465
BTC,2018-06-13,6525.329181606,6870.4103486233,6907.5024903778,6465.0761275719
BTC,2018-06-14,6321.6559647806,6525.0963860433,6599.7195547336,6154.350128898
BTC,2018-06-15,6601.3241577351,6296.3268589945,6671.7886519589,6270.4453042246
BTC,2018-06-16,6397.4411699407,6632.4461951216,6642.5181931937,6396.940015191
BTC,2018-06-17,6529.5440149899,6397.4411699333,6544.6148909901,6329.1900464333
BTC,2018-06-18,6482.8686968609,6491.9683234448,6555.9438003666,6431.0892329673
BTC,2018-06-19,6711.6496699796,6442.5285229109,6772.2491827215,6382.4426606401
BTC,2018-06-20,6731.7101466428,6706.6267954514,6808.1662713112,6669.8435674097
BTC,2018-06-21,6736.8677212375,6735.9369835741,6806.3634262527,6569.9067012076
BTC,2018-06-22,6729.9259369514,6760.2550964816,6787.4240775802,6682.9361944656
BTC,2018-06-23,6099.445277341,6729.4986888553,6729.9005927093,5987.76838583
BTC,2018-06-24,6198.7008235859,6041.9260123058,6313.5650375433,6019.8340150667
BTC,2018-06-25,6142.3925697055,6198.0403657754,6257.1167425294,5796.4925187679
BTC,2018-06-26,6244.3284549671,6146.2798868388,6321.1357824549,6090.1499992682
BTC,2018-06-27,6148.4227054114,6237.5096139827,6267.8720002731,6101.7312049112
BTC,2018-06-28,6140.1914995488,6153.0254740168,6160.8930649202,6004.1811183311
BTC,2018-06-29,5954.5265818138,6143.8517081013,6185.0444104434,5913.0126323353
BTC,2018-06-30,6189.3092519378,5952.9886577123,6226.6767066328,5809.8699593046
BTC,2018-07-01,6343.8921999592,6185.1036638459,6449.8920808095,6137.9558827804
BTC,2018-07-02,6373.2778541204,6393.2233555441,6445.8312444928,6258.3466331691
BTC,2018-07-03,6629.7495948521,6373.1849752001,6682.7574521996,6269.923681815
BTC,2018-07-04,6482.8305936314,6614.419252791,6678.1955600007,6471.6908582014
BTC,2018-07-05,6589.6327930083,6511.0200366196,6788.3074924403,6415.4962555785
BTC,2018-07-06,6538.6824323422,6590.0033563433,6699.7900318569,6460.2762408618
BTC,2018-07-07,6596.53,6532.95,6638,6443.1689799583
BTC,2018-07-08,6570.4275920965,6580.3146216111,6621.102557748,6501.4592766685
BTC,2018-07-09,6744.9886791676,6570.4271147528,6800.0152807201,6570.4058320936
BTC,2018-07-10,6694.5308510827,6744.9886791598,6798.9597862788,6667.489980928
BTC,2018-07-11,6364.3875895982,6694.5308510904,6701.5491708554,6326.4928986867
BTC,2018-07-12,6360.4466681956,6296.981692185,6400.5795891386,6271.5929293057
BTC,2018-07-13,6144.8101179498,6374.9745822869,6375.0683559545,6126.0297425219
BTC,2018-07-14,6215.59,6244.68,6335.6029540641,6126.8897807661
BTC,2018-07-15,6254.6781291793,6254.7990075078,6323.0382556735,6182.0837229264
BTC,2018-07-16,6366.3499035552,6254.6781292371,6398.4681526594,6230.8489470154
BTC,2018-07-17,6671.6259190668,6356.1088751698,6709.1598240101,6335.1231568593
BTC,2018-07-18,7315.5510403376,6727.4563368665,7379.2347439433,6658.4086588742
BTC,2018-07-19,7359.7370183427,7316.1477118699,7581.5707388105,7245.3031110059
BTC,2018-07-20,7484.6396703854,7359.7370362237,7557.5130873787,7282.7727944508
BTC,2018-07-21,7357.4456773198,7484.6396626807,7697.0053450404,7281.4064978023
BTC,2018-07-22,7424.7342378111,7337.2820905188,7456.4643843467,7215.3270219278
BTC,2018-07-23,7411.2005247349,7424.5035031436,7571.7404506387,7341.5231649182
BTC,2018-07-24,7730.2474798128,7400.4646611346,7805.4912488458,7374.2513592577
BTC,2018-07-25,8325.8015336658,7730.2481771742,8359.319473753,7695.9828373707
BTC,2018-07-26,8271.5979196832,8320.1599473233,8486.0116795769,8056.0185645714
BTC,2018-07-27,7925.2473958792,8269.5323354969,8313.1266808228,7914.6009358296
BTC,2018-07-28,8254.2773483423,7933.125250505,8277.7036619011,7801.0094432898
BTC,2018-07-29,8184.6955351747,8182.375003005,8233.4821023714,8063.3261162412
BTC,2018-07-30,8201.8900899474,8184.6960858239,8292.5156584871,8119.7133096018
BTC,2018-07-31,8166.3883602012,8215.2159687792,8274.5337573392,7862.0742828965
BTC,2018-08-01,7700.8341285235,8166.6883994459,8198.4846169029,7666.2908836583
BTC,2018-08-02,7588.5861802231,7732.3472908783,7751.8776504108,7440.2415057795
BTC,2018-08-03,7547.3149505122,7589.374917258,7698.4871385663,7460.2950003976
BTC,2018-08-04,7423.0743779862,7527.0403990273,7533.6672633658,7271.202486843
BTC,2018-08-05,7396.0411215425,7423.0750930062,7501.3160290672,7359.2368129034
BTC,2018-08-06,7411.5152993623,7395.622456196,7413.1308105304,7386.0620769851
BTC,2018-08-07,7402.3366337439,7411.5152998302,7417.4086883999,7401.3750708468
BTC,2018-08-08,6748.4414841816,7402.3366314849,7412.2874611911,6678.2855604394
BTC,2018-08-09,6460.1531550102,6721.4350901721,6750.4083122841,6396.0883363517
BTC,2018-08-10,6482.9734487615,6460.1536974665,6483.4980648504,6455.9907009479
BTC,2018-08-11,6092.5331036604,6482.9687238409,6494.0163846345,6008.8548549331
BTC,2018-08-12,6391.5992583652,6101.8564779009,6473.2716582988,5982.2156316647
BTC,2018-08-13,6338.7389567451,6392.9727447014,6450.7243099506,6147.7605088678
BTC,2018-08-14,6260.1929950271,6338.7389033859,6532.5990168582,6150.2248155528
BTC,2018-08-15,6123.4476006082,6256.8440822464,6285.5576896057,5884.7792586111
BTC,2018-08-16,6332.6068999281,6186.9712074961,6587.3179578144,6180.2554202378
BTC,2018-08-17,6273.8880695393,6332.6068999537,6467.8624497653,6210.1614234161
BTC,2018-08-18,6566.5952833952,6277.0417762545,6572.9310929332,6259.3899567864
BTC,2018-08-19,6396.9463686172,6559.6938370996,6616.6767520854,6300.1149937042
BTC,2018-08-20,6516.6683821435,6391.0862687126,6539.9647240249,6302.2073816135
BTC,2018-08-21,6299.3953331255,6516.7725719977,6523.486096747,6280.3263280069
BTC,2018-08-22,6470.7335666523,6252.3288590532,6494.6650108453,6240.9018857525
BTC,2018-08-23,6355.8818088457,6470.0745108827,6882.8359061978,6250.6538226051
BTC,2018-08-24,6503.8323619614,6360.2169851987,6559.279488976,6347.0795383729
BTC,2018-08-25,6675.3606827832,6525.5266629003,6711.4936651318,6456.798837183
BTC,2018-08-26,6725.0323269894,6683.3545015052,6781.0758889115,6657.3875324947
BTC,2018-08-27,6689.8226825962,6725.0323270063,6776.8964057782,6570.7298220145
BTC,2018-08-28,6756.6289258733,6702.3919499644,6768.3055151323,6646.1680142
BTC,2018-08-29,7084.2936167368,6753.3104499758,7126.7305347283,6739.1907150636
BTC,2018-08-30,7059.2312352573,7079.5406126455,7133.6466309557,6923.6455309778
BTC,2018-08-31,6938.9145822993,7040.0750124576,7063.4405102579,6805.1985140589
BTC,2018-09-01,7028.447311566,6938.7629415769,7089.1748004802,6877.2867329365
BTC,2018-09-02,7198.0584362259,7028.4473112812,7273.5269247295,7002.3411062864
BTC,2018-09-03,7282.8585138311,7198.0579483792,7339.812043633,7130.1722508603
BTC,2018-09-04,7260.2515925593,7282.2317506289,7335.4550820599,7198.2649813613
BTC,2018-09-05,7361.2718642376,7263.0672965937,7417.6670369068,7240.3767384829
BTC,2018-09-06,6913.1150129363,7359.9743614374,7399.5386039947,6860.7727637815
BTC,2018-09-07,6471.493883654,6913.1150129363,6927.0940913586,6301.9363303141
BTC,2018-09-08,6400.2687056583,6515.3934895131,6539.7988126144,6318.9522293163
BTC,2018-09-09,6181.7442069566,6400.3352995888,6479.2026402878,6120.293703961
BTC,2018-09-10,6253.9372013424,6183.9777801483,6447.3137818127,6144.9240462963
BTC,2018-09-11,6275.0831321787,6253.9358630803,6379.8101101151,6226.2448265281
BTC,2018-09-12,6275.6695882724,6275.0862858054,6278.4770014947,6270.7841626348
BTC,2018-09-13,6277.4944091253,6275.6679619637,6278.1280336098,6270.935037184
BTC,2018-09-14,6283.1841998225,6277.2328882184,6284.2477044468,6277.2304308018
BTC,2018-09-15,6285.9824663114,6283.1844998379,6287.3646496692,6279.938808465
BTC,2018-09-16,6280.3101068801,6284.4863926488,6286.252577777,6279.3480367699
BTC,2018-09-17,6281.4093556542,6280.0413137918,6282.0950069528,6277.6007466855
BTC,2018-09-18,6273.2200825643,6281.4093546956,6282.8008768145,6271.0795718813
BTC,2018-09-19,6278.5954861797,6273.2200825647,6280.9622972434,6271.8944526771
BTC,2018-09-20,6282.6107265937,6277.4841075341,6291.6152000423,6265.0940171095
BTC,2018-09-21,6288.0701702962,6388.4,6532.96,6276.0944503822
BTC,2018-09-22,6317.6996850165,6288.0700736307,6327.3668657868,6286.8240798394
BTC,2018-09-23,6293.8364208374,6317.6999234045,6319.3257273949,6292.4706928337
BTC,2018-09-24,6289.6213269847,6293.8364208374,6294.3462737454,6287.2521022979
BTC,2018-09-25,6466.9945639118,6289.6206764534,6662.4231336286,6286.5290494094
BTC,2018-09-26,6391.3859805928,6466.9945176657,6480.6880894274,6331.8022312322
BTC,2018-09-27,6509.7766212475,6391.3859849297,6559.4844280412,6389.4295985979
BTC,2018-09-28,6698.4160468789,6509.7770135253,6737.9438444368,6435.7578750306
BTC,2018-09-29,6502.6881513173,6698.4167564183,6799.9307214967,6487.9535694366
BTC,2018-09-30,6576.6143197,6502.6869521812,6633.7609491965,6468.4035718177
BTC,2018-10-01,6647.3879467315,6576.6160829094,6664.3942294941,6537.7920786792
BTC,2018-10-02,6603.7543420461,6647.3878029401,6659.7968600971,6510.6471961955
BTC,2018-10-03,6576.3542289419,6539.3227382808,6585.4753112175,6532.1489274188
BTC,2018-10-04,6481.2457703264,6577.9971517849,6578.0015415591,6433.6559846007
BTC,2018-10-05,6594.9357857858,6506.4544523329,6642.0053618108,6501.9345634429
BTC,2018-10-06,6630.5752970678,6594.9357857858,6680.7751539016,6554.8110325146
BTC,2018-10-07,6595.2603262611,6634.1342411636,6644.5644760065,6571.4726623297
BTC,2018-10-08,6591.6863183363,6595.2603677099,6637.2232914797,6547.1878416829
BTC,2018-10-09,6662.8684995573,6614.1037057674,6696.4958135247,6591.2069680441
BTC,2018-10-10,6663.021070746,6662.868499427,6676.2308586929,6601.4793558534
BTC,2018-10-11,6619.4958451381,6663.0209787939,6663.0209787939,6546.9632867767
BTC,2018-10-12,6285.859202643,6628.470052521,6628.5829968309,6221.485449902
BTC,2018-10-13,6309.1989214047,6285.5063318981,6350.7841687247,6207.7182891851
BTC,2018-10-14,6331.1311540774,6309.198440134,6336.0911011569,6271.4844402804
BTC,2018-10-15,6361.4170162729,6329.9770498309,6408.6016409278,6319.7132087584
BTC,2018-10-16,6721.5875032778,6341.3807216161,7586.5246341774,6306.1846860022
BTC,2018-10-17,6724.8330778968,6723.0975107775,6897.0334414135,6679.9220977906
BTC,2018-10-18,6444.7470095938,6724.8331239937,6802.158611597,6432.0472117149
BTC,2018-10-19,6374.6488625469,6450.0646625031,6486.4749219109,6335.1735054446
BTC,2018-10-20,6372.6868170702,6374.6488629396,6407.227987545,6339.2650113519
BTC,2018-10-21,6407.4790849086,6360.8354903216,6438.7903466416,6342.0614545015
BTC,2018-10-22,6412.5304907339,6406.390391175,6472.834459348,6398.0033926026
BTC,2018-10-23,6396.8801542538,6412.2043047102,6437.0745568411,6362.3328661267
BTC,2018-10-24,6396.252324044,6405.5655961579,6434.9777026874,6352.1380455747
BTC,2018-10-25,6407.667175231,6402.0225495307,6460.2498037062,6383.9463302573
BTC,2018-10-26,6405.5007258241,6412.5660407915,6421.7832074351,6358.2592466682
BTC,2018-10-27,6392.1793373833,6405.3365524345,6448.0285064617,6370.1957348269
BTC,2018-10-28,6436.355483928,6392.845687125,6442.8894143342,6389.3444452112
BTC,2018-10-29,6429.6871414323,6441.7392211713,6442.0903728704,6408.7705841684
BTC,2018-10-30,6266.1896827178,6430.1504052633,6439.4576962046,6211.5605232337
BTC,2018-10-31,6276.4644997238,6265.910149503,6313.2724566474,6247.5175852126
BTC,2018-11-01,6321.713671307,6276.7346706838,6394.7834311905,6207.0573356075
BTC,2018-11-02,6341.0948126498,6322.0936278344,6376.6562270431,6296.5893373346
BTC,2018-11-03,6360.1412719216,6340.400655742,6409.156465813,6336.6497508795
BTC,2018-11-04,6344.7389429436,6360.7198120431,6371.2379695068,6292.1518123473
BTC,2018-11-05,6405.1397546807,6344.7389429933,6473.7784382572,6318.6276218102
BTC,2018-11-06,6396.3521235412,6405.1403309472,6440.957227671,6374.6988897195
BTC,2018-11-07,6425.9178018185,6404.3771748271,6449.9987451721,6377.5427753267
BTC,2018-11-08,6514.4894527375,6426.6552217602,6553.951931748,6424.6586263377
BTC,2018-11-09,6412.524289058,6518.3360881926,6530.7336614239,6400.9365464531
BTC,2018-11-10,6343.6325037562,6412.5239995551,6433.2531853235,6309.6526526156
BTC,2018-11-11,6365.655231516,6338.7818947324,6396.877363663,6335.2180512633
BTC,2018-11-12,6327.4806461044,6360.005433977,6380.8134341094,6292.7218466615
BTC,2018-11-13,6327.1546960646,6370.273273137,6391.766567815,6305.0102709434
BTC,2018-11-14,6282.4386771629,6327.1546966981,6331.4876341914,6245.2381744164
BTC,2018-11-15,5524.8010934193,6281.6044107763,6295.9538659491,5390.1166299792
BTC,2018-11-16,5511.1528335321,5524.764808932,5692.0689524537,5244.6942670896
BTC,2018-11-17,5448.6006335653,5573.0171532108,5608.7225883851,5423.0504044658
BTC,2018-11-18,5497.4112787322,5513.4238604307,5564.0289679111,5466.5005898062
BTC,2018-11-19,5553.014895008,5497.3677842212,5638.9769731761,5495.6778216834
BTC,2018-11-20,4800.3428974568,5553.014746716,5610.1495510444,4708.8642554494
BTC,2018-11-21,4246.3127740611,4744.6198406513,4888.6227118272,4076.5947165121
BTC,2018-11-22,4478.2995582941,4364.7415489787,4631.902484782,4250.1650634179
BTC,2018-11-23,4405.7440313629,4476.2272441122,4591.8791150933,4354.5686489715
BTC,2018-11-24,4329.9172203207,4405.744487254,4405.7445849197,4119.999690568
BTC,2018-11-25,3728.8726484882,4329.9254247354,4378.5098917473,3668.6139696012
BTC,2018-11-26,3951.20502915,3788.2890885374,4101.9993874026,3447.5760411337
BTC,2018-11-27,3640.5571648024,3951.2115204756,4064.7482167097,3530.7216456852
BTC,2018-11-28,3792.1923641199,3640.9379250251,3830.8201418608,3559.3240649925
BTC,2018-11-29,4174.31997237,3792.1959942366,4341.4399220735,3752.4461786953
BTC,2018-11-30,4218.6083631146,4220.3233352743,4400.4625831009,4082.3198208161
BTC,2018-12-01,3952.4478953992,4241.7446996734,4299.9763743864,3878.6581009553
BTC,2018-12-02,4178.60382773,3953.5214624664,4251.3699479575,3904.3941906643
BTC,2018-12-03,4118.5182417699,4138.477059627,4255.9540212471,4038.0985836485
BTC,2018-12-04,3847.0327374089,4092.8511149115,4104.8589568089,3755.3260924828
BTC,2018-12-05,3889.2921196935,3847.0204604306,4034.5315580589,3724.0033427821
BTC,2018-12-06,3713.5733827508,3889.292261066,3913.5317755509,3675.5414837475
BTC,2018-12-07,3578.2066240384,3696.3514674753,3838.1209766583,3547.0139392787
BTC,2018-12-08,3391.8741459694,3578.2072060032,3621.5012565288,3201.7627967705
BTC,2018-12-09,3452.6161853921,3391.8781755963,3475.9301775671,3251.8357967294
BTC,2018-12-10,3507.3063671956,3452.5884991144,3642.4148503997,3374.3669866557
BTC,2018-12-11,3419.7337684576,3528.1202013162,3591.2367342495,3355.6425528589
BTC,2018-12-12,3360.9466282566,3409.1628817491,3428.1004177574,3294.037452444
BTC,2018-12-13,3414.8337488292,3360.9561908129,3474.3913555499,3324.9251795167
BTC,2018-12-14,3263.5479129873,3427.0497290106,3435.1424732744,3233.263656101
BTC,2018-12-15,3212.207080727,3262.2716827669,3300.6513939453,3138.099493695
BTC,2018-12-16,3194.96227244,3212.2071589501,3227.8674198728,3122.3427164835
BTC,2018-12-17,3200.6424680869,3178.299354793,3256.6003258844,3176.3530149734
BTC,2018-12-18,3478.461202649,3199.1762645654,3579.8148841419,3181.7013948425
BTC,2018-12-19,3562.8949463603,3478.4609900005,3573.2403351297,3429.858731473
BTC,2018-12-20,3709.3167592101,3664.6588290579,3929.0984909421,3642.8286649922
BTC,2018-12-21,4065.7999528499,3709.3235319539,4160.2967260415,3662.7434387839
BTC,2018-12-22,3824.7397939051,4065.7736166509,4164.5506507301,3774.3236836839
BTC,2018-12-23,3862.7263286473,3838.2303868152,3929.8595909537,3791.9053752251
BTC,2018-12-24,3949.7943416583,3862.7263285159,4052.2305472168,3862.7229992528
BTC,2018-12-25,4054.2962598168,3942.7377761177,4241.4361339864,3942.6694475586
BTC,2018-12-26,3767.3500239009,4030.0034134892,4045.5720841772,3677.0436490123
BTC,2018-12-27,3807.1530224727,3767.8721036119,3869.4011644061,3682.6818450797
BTC,2018-12-28,3587.1982229208,3809.2952035809,3842.3117925732,3571.1523760499
BTC,2018-12-29,3865.5293004371,3587.2353507323,3945.2446489655,3558.7377173657
BTC,2018-12-30,3725.48,3888.06,3941.09,3703.02
BTC,2018-12-31,3832.4,3728.96,3864.73,3689.6
BTC,2019-01-01,3689.5646203364,3689.9723378682,3690.3067917937,3689.4751199481
BTC,2019-01-02,3715.5644411293,3693.3300666654,3741.8818553972,3644.8762824863
BTC,2019-01-03,3882.304754348,3715.5643838661,3900.7091270403,3711.2741076363
BTC,2019-01-04,3795.5927412969,3882.3036216798,3916.1976844374,3760.9440417808
BTC,2019-01-05,3812.3811076791,3781.020705993,3844.986111038,3725.7396632966
BTC,2019-01-06,3809.9143429619,3812.3811191955,3866.4174315002,3775.8288779968
BTC,2019-01-07,4014.1331870739,3797.0340970819,4063.9453560949,3758.5165264648
BTC,2019-01-08,3989.6317409326,4032.4591655851,4060.8647998529,3526.1392784483
BTC,2019-01-09,3992.9861439065,3989.6317529072,4096.3830349478,3947.0359235851
BTC,2019-01-10,3995.3251931641,3981.9382996592,4023.7344900783,3965.9763463782
BTC,2019-01-11,3617.3462911588,3995.3251807214,4025.5283108917,3570.076959892
BTC,2019-01-12,3606.1648903844,3617.268962197,3676.7323463205,3572.6749793622
BTC,2019-01-13,3611.5282378524,3609.1295656008,3644.3441048105,3564.6278890838
BTC,2019-01-14,3497.6693915005,3614.4208481332,3642.0477232305,3480.8328903724
BTC,2019-01-15,3654.3470673605,3497.6696152725,3696.0690013667,3488.7187151541
BTC,2019-01-16,3568.7512587366,3653.6803179504,3679.7036556421,3544.4295513188
BTC,2019-01-17,3593.7217397683,3568.6826659047,3662.9187293804,3567.1487961193
BTC,2019-01-18,3623.717336702,3603.5516365649,3644.7312977719,3546.3096872144
BTC,2019-01-19,3605.8551868777,3623.7175000563,3641.9610380994,3578.4253177178
BTC,2019-01-20,3690.9085636878,3605.8551173227,3735.3565403606,3602.420476252
BTC,2019-01-21,3544.2217242808,3680.2847465733,3701.4548021804,3490.7036841512
BTC,2019-01-22,3528.4635294479,3544.221815669,3558.2338181581,3496.6026418546
BTC,2019-01-23,3581.5519472363,3528.463928169,3605.7416768987,3444.6864706167
BTC,2019-01-24,3549.770799097,3572.6889495791,3608.8769021965,3521.835474332
BTC,2019-01-25,3562.9204764613,3555.8619611779,3591.5938974426,3530.5473093896
BTC,2019-01-26,3566.6661636996,3571.8088869481,3574.1243701222,3522.4241867044
BTC,2019-01-27,3563.2780095528,3566.6662254659,3648.4999031042,3541.1709868168
BTC,2019-01-28,3539.6209472447,3563.1602016498,3564.954936082,3481.3844702502
BTC,2019-01-29,3425.2621611882,3530.2037098414,3541.4171613861,3374.4639009087
BTC,2019-01-30,3395.0186452497,3429.7077486011,3438.0683712479,3346.1431882717
BTC,2019-01-31,3441.0322154158,3395.2247993224,3460.2319504376,3371.6887461729
BTC,2019-02-01,3420.633226576,3434.5218470937,3471.2474609692,3394.2846344068
BTC,2019-02-02,3439.8056988758,3412.7222187981,3454.4143010866,3375.7316830155
BTC,2019-02-03,3433.0352852216,3440.0768467245,3453.6943391505,3409.5411062042
BTC,2019-02-04,3404.499313399,3433.0448952612,3487.5719731172,3386.5793662385
BTC,2019-02-05,3412.2304311019,3417.0229432502,3442.6380964385,3393.9942103601
BTC,2019-02-06,3419.7678987458,3412.2303777078,3433.6896318768,3398.9557445455
BTC,2019-02-07,3367.5190315823,3428.981334945,3441.9204599448,3344.1244221554
BTC,2019-02-08,3360.534075862,3365.5294725506,3380.7838372438,3349.755990129
BTC,2019-02-09,3591.0221518825,3360.5344472195,3702.4815714913,3343.3434931607
BTC,2019-02-10,3617.4646801319,3621.6273862828,3638.4942900867,3590.2892237183
BTC,2019-02-11,3621.1540027134,3617.4645020652,3631.0382194861,3577.9800927456
BTC,2019-02-12,3593.1831765659,3621.1736667164,3653.1166205433,3579.4289942413
BTC,2019-02-13,3579.3418810265,3593.1832668492,3616.4232425127,3546.2494328416
BTC,2019-02-14,3569.5548327757,3589.2241478165,3625.7904946388,3556.8985517884
BTC,2019-02-15,3558.3968581047,3569.5548371285,3587.7735125697,3536.4280980834
BTC,2019-02-16,3566.2477646317,3555.1994796906,3617.5201309069,3542.4125039588
BTC,2019-02-17,3596.4051912371,3566.2371496053,3607.9635038149,3564.6096749623
BTC,2019-02-18,3606.1519884106,3596.3886153738,3662.6204110155,3558.7572134915
BTC,2019-02-19,3865.3181649793,3606.1329608472,3925.1213667493,3598.9242555342
BTC,2019-02-20,3904.4829202328,3869.8341042032,3975.8895982273,3842.3006851046
BTC,2019-02-21,3924.7398439211,3904.4656441042,3964.5554961653,3861.1203422816
BTC,2019-02-22,3889.7584851849,3924.7398438411,3979.0579285253,3870.9501631812
BTC,2019-02-23,3933.6075896328,3898.5078671278,3953.5348129144,3889.6196960051
BTC,2019-02-24,4105.1127585961,3933.6061118916,4146.0112742329,3912.7441268992
BTC,2019-02-25,3763.6205157956,4105.0951884909,4178.6586138045,3697.8200197762
BTC,2019-02-26,3819.8653414425,3763.6221670583,3852.370301297,3729.6852140889
BTC,2019-02-27,3797.5817895103,3819.8793160372,3831.0290648074,3762.2121951164
BTC,2019-02-28,3772.9363353275,3796.6372843084,3824.1658793727,3666.5240164294
BTC,2019-03-01,3799.678542951,3773.4414607526,3879.2311846694,3753.8000224646
BTC,2019-03-02,3811.6119793671,3799.3670260062,3840.0448230745,3788.9184983301
BTC,2019-03-03,3804.4191701095,3806.6915127875,3819.1943561235,3759.4092164743
BTC,2019-03-04,3782.6641011218,3807.8457559152,3818.6954813471,3766.2420482277
BTC,2019-03-05,3689.8628931904,3783.3550634445,3804.3536162349,3663.4777433591
BTC,2019-03-06,3832.0808847342,3701.0498710337,3866.7187042421,3688.6971538467
BTC,2019-03-07,3848.9563696825,3832.5924290751,3881.9657697745,3802.516053637
BTC,2019-03-08,3859.8399833296,3848.9563673107,3890.7454923564,3827.6703034796
BTC,2019-03-09,3828.3719040694,3859.800616241,3917.9975657866,3778.5164813299
BTC,2019-03-10,3898.8684595605,3841.8871376912,3948.8841402936,3832.1449117909
BTC,2019-03-11,3899.6558689562,3916.7561923023,3921.934211189,3865.9157812103
BTC,2019-03-12,3851.2491896498,3899.4592741125,3913.4555196012,3819.9289426072
BTC,2019-03-13,3866.2959463248,3851.6238815417,3879.9716038316,3795.675857003
BTC,2019-03-14,3846.2744415121,3866.295956546,3873.719094248,3823.8087959307
BTC,2019-03-15,3855.7443626577,3846.2744497219,3897.7257096203,3792.3919138171
BTC,2019-03-16,3892.0523011383,3855.7443243866,3908.2782944187,3843.4489631821
BTC,2019-03-17,3985.8512364813,3892.0522289395,4033.6827769674,3891.8183691166
BTC,2019-03-18,3970.3890446061,3989.5366651403,3992.6055063928,3931.5821801678
BTC,2019-03-19,3974.4157640954,3970.3835971649,4020.8924136856,3931.6740294885
BTC,2019-03-20,3996.037130764,3970.2819870686,4020.0070715102,3949.8929212251
BTC,2019-03-21,4027.7873954939,3996.0370554516,4034.5264965308,3964.7936371571
BTC,2019-03-22,3974.8114294551,4026.5886511868,4053.5380561331,3904.8360844785
BTC,2019-03-23,3987.3052249052,3974.8112480503,4002.5323162845,3957.9443157726
BTC,2019-03-24,3977.707443288,3977.2760394493,4006.9845681341,3961.8024253806
BTC,2019-03-25,3968.4387009854,3977.707443288,3990.9652916493,3940.8797442035
BTC,2019-03-26,3913.7817170518,3972.696581974,3982.2327641875,3903.2939295524
BTC,2019-03-27,3915.3753197805,3913.7817424775,3928.9794272178,3876.7208578109
BTC,2019-03-28,4018.5905096995,3925.8653589823,4030.3576407268,3914.5777080645
BTC,2019-03-29,4008.3708718477,4018.5905096995,4033.3865237994,3990.0086156216
BTC,2019-03-30,4080.2601141916,4008.3710697461,4100.1491192074,4006.619168948
BTC,2019-03-31,4081.2216046987,4090.7504094242,4128.4151017141,4030.0612567554
BTC,2019-04-01,4094.7047913777,4081.2216046987,4104.5362539203,4073.2454564109
BTC,2019-04-02,4135.1849399747,4094.7047913777,4148.6617997836,4052.6016759166
BTC,2019-04-03,4818.7706353498,4135.182904792,4961.78030632,4132.5566599939
BTC,2019-04-04,5102.1507526415,4818.7735040301,5325.2338770174,4810.2449740699
BTC,2019-04-05,4875.5994313973,4966.9016298723,5071.5896135415,4787.7079940292
BTC,2019-04-06,5030.9332705867,4875.5961465511,5060.7032027976,4875.5961465511
BTC,2019-04-07,5028.3210819427,5032.7912392522,5229.9575509425,4934.2630443641
BTC,2019-04-08,5198.1731702888,5028.3202691679,5247.4649314366,5019.3333318063
BTC,2019-04-09,5260.2050430865,5192.9290962064,5343.2470926415,5088.678144514
BTC,2019-04-10,5179.997649218,5260.2003287856,5285.8634204236,5117.0061851338
BTC,2019-04-11,5283.543757825,5179.9966735738,5450.989154256,5170.615377475
BTC,2019-04-12,5049.6058235388,5320.6135135987,5342.5239018413,4954.1609154428
BTC,2019-04-13,5077.5158640878,5042.4023413794,5098.6060391669,4894.7331802049
BTC,2019-04-14,5066.8670401606,5077.5211333771,5117.6210450332,5021.7650353067
BTC,2019-04-15,5158.3874010066,5066.8774596534,5167.4313400271,5014.1653733057
BTC,2019-04-16,5045.6751659083,5145.8703659694,5181.9270002699,4957.6868898445
BTC,2019-04-17,5184.2044677779,5035.4607327922,5218.961540392,5019.9529488984
BTC,2019-04-18,5220.9599338197,5184.2044800119,5253.8619606622,5167.6833737207
BTC,2019-04-19,5276.5589823291,5218.0798427466,5310.4870454049,5214.8029423068
BTC,2019-04-20,5266.6612458779,5279.1814277,5345.7593029787,5212.1884707029
BTC,2019-04-21,5292.1483296981,5266.6612610884,5353.2868301723,5259.4268274145
BTC,2019-04-22,5276.5583181647,5292.1483276552,5330.9173143936,5195.6335370123
BTC,2019-04-23,5398.4334166027,5282.0882670752,5408.8419630351,5239.1652956097
BTC,2019-04-24,5552.5219105461,5398.4334166027,5622.4818679657,5359.2519203866
BTC,2019-04-25,5432.9910174238,5552.5194712993,5614.992209124,5373.8647065322
BTC,2019-04-26,5132.227526274,5432.9910173679,5505.1319530759,5055.1925785883
BTC,2019-04-27,5151.5745281681,5131.0616909647,5274.6954852413,5053.9463090714
BTC,2019-04-28,5200.1932393191,5151.5744081971,5218.8151827909,5088.2981217826
BTC,2019-04-29,5152.5457396305,5200.1930596118,5208.3476561134,5118.9091325833
BTC,2019-04-30,5151.4334996793,5156.543027828,5192.0253391672,5083.8427035987
BTC,2019-05-01,5277.4444688896,5155.6172833984,5292.6053854377,5130.2601978629
BTC,2019-05-02,5297.9424922151,5277.444450001,5351.3591428566,5259.8440261214
BTC,2019-05-03,5405.8780670084,5323.6392701182,5427.4883938579,5310.6701004202
BTC,2019-05-04,5697.6790537992,5405.8781112193,5791.2114632021,5378.2080477999
BTC,2019-05-05,5812.3317793033,5690.1475273592,5829.9489133851,5529.7482398946
BTC,2019-05-06,5713.0350518135,5787.5985981407,5787.6454782757,5634.7238503772
BTC,2019-05-07,5706.0084207883,5713.0349658693,5750.5656087971,5562.3147274549
BTC,2019-05-08,5899.5296934602,5687.2598413585,5956.1501039829,5687.253246151
BTC,2019-05-09,5932.4413913918,5759.3750574463,5942.4108923254,5708.476326096
BTC,2019-05-10,6159.6859018287,5932.4462847078,6159.6859018287,5845.6509179975
BTC,2019-05-11,6387.829450439,6159.6895437717,6426.8312070424,6098.1579761282
BTC,2019-05-12,7254.8055361621,6347.7067370066,7337.3221812437,6346.3318889256
BTC,2019-05-13,6992.7066614624,7241.0236527485,7577.7706750947,6758.8820843525
BTC,2019-05-14,7906.9408350528,6992.705887281,8148.5610875384,6860.2866798543
BTC,2019-05-15,7928.4174163467,7906.9464248717,8353.869652476,7642.4035612633
BTC,2019-05-16,8177.4535191838,7989.1277083975,8260.9531103939,7844.9802377751
BTC,2019-05-17,7820.0762428219,8177.4535736638,8360.3001909545,7683.6652827439
BTC,2019-05-18,7243.650538964,7820.0765409497,7935.9747702379,6900.8294027867
BTC,2019-05-19,7295.6497288231,7361.2576328893,7490.7942004206,7218.2606681079
BTC,2019-05-20,8221.2593953546,7285.4214269558,8242.3575083983,7267.2109184077
BTC,2019-05-21,7917.0124987984,8221.2654730703,8296.5456029187,7581.108489471
BTC,2019-05-22,7961.1287431622,7984.511102994,8092.6791543296,7811.2772223591
BTC,2019-05-23,7723.9038796248,7961.5198801948,8018.7545463135,7511.1139242967
BTC,2019-05-24,7903.8469103955,7723.894266781,7973.2306311433,7478.095034704
BTC,2019-05-25,8038.5067907549,7871.3758712149,8171.8008380369,7792.4338135911
BTC,2019-05-26,8089.5701634982,7990.9198159167,8130.5776342088,7935.7438911661
BTC,2019-05-27,8653.1423680221,8090.0465263258,8780.7820298591,7889.0706759973
BTC,2019-05-28,8800.3466061527,8653.1518022683,8937.2464912039,8621.5721918502
BTC,2019-05-29,8719.3314849999,8776.5657880978,8819.6662969235,8555.5908335332
BTC,2019-05-30,8672.4001072907,8721.3476412347,8756.2424429279,8430.1298903369
BTC,2019-05-31,8287.0402563223,8665.8396573792,9084.1499973709,8025.5864761456
BTC,2019-06-01,8513.2038819334,8285.4963935396,8544.6432253438,8120.0894792356
BTC,2019-06-02,8588.4795049694,8514.3959265461,8622.7299806059,8455.8604098955
BTC,2019-06-03,8744.2655607165,8589.1696417012,8830.1821538398,8523.2427413602
BTC,2019-06-04,8474.0482291229,8744.1092236193,8765.7434622966,8342.3176873528
BTC,2019-06-05,7645.5725139007,8108.1595685263,8108.1595685263,7453.269352399
BTC,2019-06-06,7790.3211349552,7644.7987582348,7922.561139389,7586.3616207288
BTC,2019-06-07,7730.8817258862,7794.1959242062,7920.5270486164,7459.129075662
BTC,2019-06-08,8030.2560794416,7730.1859182601,8134.1668204893,7723.5396780797
BTC,2019-06-09,7949.425798625,8030.2338560247,8074.5935388233,7790.8998343964
BTC,2019-06-10,7600.9224920885,7930.8922727102,7964.0245354802,7525.5926088831
BTC,2019-06-11,7954.0062377205,7600.9225047785,8064.9001353225,7530.5341004825
BTC,2019-06-12,7903.6252503798,8014.2309190982,8048.2226611274,7714.610306452
BTC,2019-06-13,8151.7886797815,7903.6146316397,8249.4160670662,7824.1140843363
BTC,2019-06-14,8256.7200994618,8166.6682357284,8330.6643517846,8052.1542252186
BTC,2019-06-15,8667.7879539941,8257.2776927416,8694.0229660645,8172.4002771628
BTC,2019-06-16,8836.1684129096,8698.1445368264,8897.9960229216,8622.4717352461
BTC,2019-06-17,9061.5404606385,8836.2496521451,9381.8197140209,8800.9956650855
BTC,2019-06-18,9346.9750871976,9061.5935249702,9409.3424621723,8969.770912568
BTC,2019-06-19,9012.4878496522,9337.754058545,9357.7732559976,8943.0971053156
BTC,2019-06-20,9259.1236383919,9011.4696762403,9285.4167158334,8967.5817148785
BTC,2019-06-21,9559.9006885716,9260.682723057,9599.9153349725,9198.7752567805
BTC,2019-06-22,9906.407965055,9559.9006591147,9941.5270774672,9521.83210207
BTC,2019-06-23,10461.4121688088,10206.490342332,11190.567798926,10058.4162662428
BTC,2019-06-24,10843.5709747797,10461.3904159387,11307.6935457487,10460.9988943702
BTC,2019-06-25,10996.4597495353,10843.6017701213,11104.1005162022,10539.812439096
BTC,2019-06-26,11665.4096837335,10996.4532821709,11704.6218958232,10951.0250198162
BTC,2019-06-27,12444.9258599878,11668.6658570188,13879.2377057928,11625.8810901961
BTC,2019-06-28,11086.2688286526,12444.92234283,13328.5803127139,10314.7538734517
BTC,2019-06-29,12316.9530120207,11086.2357150219,12402.0435115035,10789.984139661
BTC,2019-06-30,12024.0809722046,12360.1870979135,12381.0417016965,11368.274496108
BTC,2019-07-01,10932.3105071733,12024.0945221636,12187.3066985264,10837.5600652629
BTC,2019-07-02,10454.6838183291,10932.3074892823,11196.9957508963,9986.2568489798
BTC,2019-07-03,10800.1301399504,10454.7118899557,10933.8150039945,9676.5904002565
BTC,2019-07-04,11942.2402247929,10778.9100586114,11967.6544411845,10691.6694447365
BTC,2019-07-05,11645.5246063376,11942.241317492,12044.0795511745,11488.8306588501
BTC,2019-07-06,10946.2090547386,11138.7710294887,11440.8557302556,10771.3548417135
BTC,2019-07-07,11219.0460004352,10946.20856257,11735.5709361591,10834.7758711611
BTC,2019-07-08,11422.1144680283,11219.0495076997,11593.1177650972,11101.9151585759
BTC,2019-07-09,12335.9993946484,11422.1411587568,12354.4630323692,11335.1639503056
BTC,2019-07-10,12575.904067439,12335.9915530625,12815.6790357556,12127.712182121
BTC,2019-07-11,12054.1837934894,12585.2419743944,13175.6877367065,11566.8983942385
BTC,2019-07-12,11324.1446969751,12054.182805678,12188.1778430704,11011.0411202521
BTC,2019-07-13,11802.9599635884,11324.2018284256,11919.9220616201,11100.0885124471
BTC,2019-07-14,11279.6027356333,11796.7721497272,11830.8083720294,10826.035155074
BTC,2019-07-15,10506.3958273087,11402.9673057725,11463.2425199775,10316.7494887593
BTC,2019-07-16,10934.4827395525,10506.3482141274,10954.8240496507,9872.0272432166
BTC,2019-07-17,9490.4105157548,10934.4726429778,11075.3528200893,9404.3521963551
BTC,2019-07-18,9733.1321340919,9490.4381272323,9972.2451099106,9085.4894989784
BTC,2019-07-19,10603.3488731713,9693.4865106171,10740.9887019,9282.6429998444
BTC,2019-07-20,10466.2609381509,10603.3431456849,10797.6384591308,10133.0943109498
BTC,2019-07-21,10983.2160020296,10533.9632516606,11035.4259323072,10368.8010671024
BTC,2019-07-22,10551.1316333347,11004.396573273,11096.7744188936,10314.2661819319
BTC,2019-07-23,10285.6392306749,10551.127853068,10685.2481729702,10071.5224860373
BTC,2019-07-24,10027.5326122485,10285.6348208302,10338.63883502,9882.631831681
BTC,2019-07-25,9771.5047613175,9867.2650278599,9916.4775798314,9510.6239874291
BTC,2019-07-26,9897.4293515161,9771.5048190312,10184.4403703329,9738.0890848498
BTC,2019-07-27,9812.2263505784,9897.4134463384,9924.6025631283,9643.8818286496
BTC,2019-07-28,9440.1400373076,9812.2066384441,10193.5339692602,9306.1035315409
BTC,2019-07-29,9495.855261405,9459.6742423727,9603.3192747289,9134.3993522774
BTC,2019-07-30,9506.704273142,9528.6934430847,9717.5142776084,9373.36942847
BTC,2019-07-31,9572.735371803,9506.6980276749,9719.981661389,9387.2237202366
BTC,2019-08-01,10005.2944733245,9572.7384640587,10132.4047252828,9572.738439238
BTC,2019-08-02,10385.2006061246,10005.2892918685,10474.7817377768,9884.7377276261
BTC,2019-08-03,10513.9114715942,10385.2129717491,10663.6187858619,10329.1969177772
BTC,2019-08-04,10831.2598554087,10513.9147450743,10909.2559240906,10498.9444263068
BTC,2019-08-05,10985.8075416287,10831.2503019415,11051.9857922455,10573.7772973823
BTC,2019-08-06,11811.7870541507,10985.8308827386,11940.4838657553,10939.5690792781
BTC,2019-08-07,11310.187223605,11811.8035625011,12314.107664862,11219.4037828653
BTC,2019-08-08,11956.0472230184,11310.2216405931,12129.4097391128,11283.6761111563
BTC,2019-08-09,11817.4554825164,11956.0228070619,12032.0465280883,11502.5279891368
BTC,2019-08-10,11827.5745716918,11972.5929466786,12027.2599058138,11654.6632478994
BTC,2019-08-11,11278.2812549022,11827.5745728427,11967.8779622672,11227.6222137083
BTC,2019-08-12,11485.3657829898,11279.875538619,11545.1045253183,11101.0148454184
BTC,2019-08-13,11391.9686539038,11485.3640773925,11583.8906973405,11227.4406640768
BTC,2019-08-14,10869.3791128623,11391.9638254355,11434.8885296357,10746.7559476825
BTC,2019-08-15,10211.4985816982,10851.200469968,10860.8239741865,10047.9951301391
BTC,2019-08-16,10386.5395500195,10211.509511264,10444.0799631082,9682.7114223927
BTC,2019-08-17,10388.4505925604,10307.2597589846,10530.365307162,9726.9781503814
BTC,2019-08-18,10212.1014417394,10388.4580419409,10463.9187086365,9994.1082464545
BTC,2019-08-19,10335.3728385716,10211.6709254074,10462.7495056741,10082.2654915398
BTC,2019-08-20,10774.8103058331,10335.3744772756,10812.7970799622,10264.4564614099
BTC,2019-08-21,10818.5070076193,10774.8242118954,10943.8704129867,10531.4885593807
BTC,2019-08-22,10064.9167944793,10818.5226287878,10818.5891317862,9864.136684453
BTC,2019-08-23,10161.1647494901,10064.9310569138,10229.0170057546,9762.0524126348
BTC,2019-08-24,10364.2813536875,10103.4428968157,10450.2923381724,10034.0864475747
BTC,2019-08-25,10171.4974606754,10392.6163373387,10408.9638527379,9901.48601199
BTC,2019-08-26,10068.922419922,10171.4901866522,10292.8410213641,9911.5088196017
BTC,2019-08-27,10312.2150398496,10138.5708591703,10624.6051684248,10136.0717230708
BTC,2019-08-28,10122.1965329581,10312.1968630254,10402.2974923049,10042.8792879247
BTC,2019-08-29,9743.1620510451,10169.1427383499,10279.2542249405,9600.8350390244
BTC,2019-08-30,9487.9764335192,9743.1587296904,9747.1198283495,9325.3941544287
BTC,2019-08-31,9590.7363369227,9487.9600487016,9682.7255361249,9343.706051107
BTC,2019-09-01,9624.9839105321,9580.7613524785,9699.8643785368,9406.4444841648
BTC,2019-09-02,9780.6678970327,9624.9799668178,9819.1586219728,9552.150793747
BTC,2019-09-03,10381.8559592516,9781.8643381081,10440.2204552588,9738.2475728895
BTC,2019-09-04,10691.31129913,10366.3738173131,10752.421494933,10290.4944163268
BTC,2019-09-05,10555.0469008368,10691.3185189859,10810.0181694004,10185.2579080405
BTC,2019-09-06,10576.3178915251,10555.0623986939,10643.9460656338,10463.8132938419
BTC,2019-09-07,10334.0238858467,10576.325191402,10928.3438130991,10201.6083180634
BTC,2019-09-08,10495.2273642085,10333.9990632916,10563.7108903098,10288.7531640979
BTC,2019-09-09,10402.7965306911,10485.4097238908,10595.1955635918,10244.5825763984
BTC,2019-09-10,10332.9421881057,10402.7679483575,10524.3869543828,10097.980384673
BTC,2019-09-11,10082.9468264833,10332.9372738617,10380.3065877429,9956.122723091
BTC,2019-09-12,10152.7529840771,10107.4950381242,10269.0303923868,9891.8033006502
BTC,2019-09-13,10396.7672047403,10152.7606229694,10459.9266066139,10055.264493713
BTC,2019-09-14,10299.4769604855,10396.7622589643,10447.3886320838,10167.9910490121
BTC,2019-09-15,10351.2320218437,10299.4945680727,10425.9118165804,10229.4541811551
BTC,2019-09-16,10302.1907136783,10361.0856374306,10381.5645871136,10267.8654622876
BTC,2019-09-17,10301.6596516938,10306.1484003644,10373.063508627,10093.1402791067
BTC,2019-09-18,10231.4215119596,10301.6612572095,10304.6236445462,10145.3457608603
BTC,2019-09-19,10168.2877093815,10231.4130246146,10263.8233825536,10094.3250130397
BTC,2019-09-20,10223.5055788024,10166.778772232,10286.0107495563,9687.2941604435
BTC,2019-09-21,10138.3352052234,10223.5070882201,10289.215657675,10065.6289399979
BTC,2019-09-22,9984.520515967,10138.3575582109,10179.7424745144,9908.5728146086
BTC,2019-09-23,10031.8667089936,9984.5188569016,10083.0981311308,9850.7530853868
BTC,2019-09-24,9719.7186961077,10031.8668723599,10062.9198651927,9630.6957676786
BTC,2019-09-25,8688.9735259572,9719.7042573091,9770.1614839288,7944.3344976399
BTC,2019-09-26,8438.7085524873,8528.4647881237,8741.5095614673,8230.4665261865
BTC,2019-09-27,8103.2108995944,8438.7164590239,8462.412485799,7757.276118248
BTC,2019-09-28,8195.2106969967,8103.9015715921,8286.7432634801,7869.5531703496
BTC,2019-09-29,8146.4140320046,8183.3160575171,8321.1605871808,7723.6914190451
BTC,2019-09-30,8085.7132904218,8146.4229637683,8228.6414937867,7905.0177355603
BTC,2019-10-01,8241.3414700027,8055.6941385794,8331.291685876,7728.6784268333
BTC,2019-10-02,8333.6891904217,8298.6247752408,8508.7054089532,8195.0452436724
BTC,2019-10-03,8273.4640176573,8333.7102961953,8388.0158617972,8177.6946009014
BTC,2019-10-04,8203.8438327979,8273.457418693,8412.6500471359,8060.3253166919
BTC,2019-10-05,8163.9026381024,8231.7862486842,8240.9487694807,8014.4193228933
BTC,2019-10-06,8137.1466890387,8163.9014408188,8196.2495136292,8025.5004622684
BTC,2019-10-07,7853.6933048347,8138.8334890181,8171.5682535605,7802.4648508888
BTC,2019-10-08,8236.2083793045,7850.6845764281,8304.1401391898,7777.6315711193
BTC,2019-10-09,8201.6378181926,8236.2058748116,8316.9906726779,8113.1118049261
BTC,2019-10-10,8572.3808124348,8173.8388033611,8691.0726909608,8117.9122396114
BTC,2019-10-11,8582.1445177037,8572.3823010202,8654.3827760417,8435.1865102049
BTC,2019-10-12,8320.1715813968,8582.1481229343,8796.4572820666,8288.2276305072
BTC,2019-10-13,8328.6042603935,8320.1681544832,8406.1424145675,8225.3014573464
BTC,2019-10-14,8282.1773258265,8309.172912971,8468.9736397711,8167.2649036564
BTC,2019-10-15,8337.8189985374,8282.1815958386,8385.553410467,8214.3188684159
BTC,2019-10-16,8162.44,8355,8420,8096.62
BTC,2019-10-17,8003.8203947876,8166.3447732561,8184.3864357352,7918.275881375
BTC,2019-10-18,8058.0580811125,8003.8192612882,8120.1211057353,7937.85216577
BTC,2019-10-19,7970.2394756046,8058.0588747305,8121.0458847574,7820.0663431405
BTC,2019-10-20,7943.3471070605,7956.8908024537,8095.9033915042,7882.64696812
BTC,2019-10-21,8200.3187633988,7943.3524118623,8306.0049011291,7884.5186252234
BTC,2019-10-22,8200.2460994923,8233.7994675616,8346.5564972109,8152.2378874061
BTC,2019-10-23,8073.4095438836,8200.2443815085,8309.6653283231,8054.948064535
BTC,2019-10-24,7420.4158364928,8027.2938149864,8054.9948877667,7307.3919459376
BTC,2019-10-25,7460.6174159279,7420.4140343537,7503.5997636313,7347.6308650578
BTC,2019-10-26,8591.2238974163,7421.5718045224,8762.6804975733,7393.2614130168
BTC,2019-10-27,9171.3065318558,8591.236577377,10332.4095068033,8591.225767542
BTC,2019-10-28,9578.3675560737,9259.5218725081,9813.4438845701,9103.7371342798
BTC,2019-10-29,9458.2233596272,9578.3643867381,9930.9740212146,9272.6566523034
BTC,2019-10-30,9455.7246926058,9228.0745024715,9551.7787262272,9125.7784571584
BTC,2019-10-31,9225.9954793378,9455.7281976834,9468.9632450573,9004.1323044173
BTC,2019-11-01,9131.4106303055,9225.9977687797,9425.4499396045,8954.8996395848
BTC,2019-11-02,9197.6323446207,9131.417153149,9291.1176443276,9047.1765944573
BTC,2019-11-03,9290.8966023936,9230.4788579257,9377.0845217723,9197.8331423071
BTC,2019-11-04,9202.41545055,9290.8997939328,9362.6331368704,9074.3828794251
BTC,2019-11-05,9369.6280811552,9203.82600676,9526.1651953663,9125.8615306776
BTC,2019-11-06,9326.5996237841,9404.3808704159,9466.0709611156,9173.0446858736
BTC,2019-11-07,9335.7524023305,9326.5925312023,9439.2157352965,9254.7321145303
BTC,2019-11-08,9226.4858208826,9331.2157964608,9364.5908136105,9088.1076283266
BTC,2019-11-09,8794.3586445233,9205.6186057378,9247.6143524101,8666.3896136883
BTC,2019-11-10,8798.0420546256,8794.3626098316,8881.9090867746,8719.961753072
BTC,2019-11-11,9081.1868784913,8798.0360673049,9123.3385109165,8742.7376262472
BTC,2019-11-12,8711.5343391679,9081.1777328395,9096.0262777344,8613.8923947128
BTC,2019-11-13,8760.8927181435,8711.5361529991,8856.3815562048,8564.9379334475
BTC,2019-11-14,8749.520591019,8760.8885463841,8837.9212515235,8703.6354498734
BTC,2019-11-15,8656.970922354,8758.5466419692,8785.0541994457,8562.3745932951
BTC,2019-11-16,8500.6435581622,8656.9718583229,8763.903472235,8359.8491915927
BTC,2019-11-17,8469.2608988992,8500.6439356134,8539.1321737562,8423.5432052426
BTC,2019-11-18,8537.3396519676,8469.2610145267,8624.9563052093,8369.2249628799
BTC,2019-11-19,8205.8063659942,8500.6446029465,8500.6464893105,8035.8859070324
BTC,2019-11-20,8118.4885358003,8205.8100433327,8205.8100433327,7988.9226284942
BTC,2019-11-21,8074.8431736099,8119.4844439851,8215.6195886669,8029.0977271002
BTC,2019-11-22,7612.7405735024,8074.8405612179,8118.1139955905,7420.2813215708
BTC,2019-11-23,7262.1105349483,7618.5794132959,7717.8020876528,6804.1430649358
BTC,2019-11-24,7303.4057585242,7262.127934238,7354.8626346009,7094.9757909466
BTC,2019-11-25,7041.7329364242,7303.4142651484,7338.6986773229,6920.6314970308
BTC,2019-11-26,7211.8618087461,6894.6513544812,7368.1473890049,6524.5528585049
BTC,2019-11-27,7141.0694486947,7211.8709827098,7336.3010102776,7012.0577020164
BTC,2019-11-28,7523.4806726005,7141.0755085305,7660.640370473,6851.6229297827
BTC,2019-11-29,7390.207469227,7523.4728866811,7647.5180888521,7379.3099176482
BTC,2019-11-30,7729.265938935,7390.2106561699,7856.6079055294,7378.4055432631
BTC,2019-12-01,7542.2356086361,7748.3354868447,7805.0293223847,7439.0988671462
BTC,2019-12-02,7381.9630078152,7542.2453443015,7564.9400791923,7238.3222325106
BTC,2019-12-03,7333.4329304881,7381.9620050298,7440.61573641,7162.4921248334
BTC,2019-12-04,7315.3677645579,7315.4392033661,7407.4107747383,7238.7305917929
BTC,2019-12-05,7213.7337617194,7315.3692744808,7767.9087248467,7089.1412888854
BTC,2019-12-06,7398.7870496069,7213.7434159704,7488.1377716159,7155.1199462029
BTC,2019-12-07,7511.8805831153,7392.9109372956,7583.3874556567,7304.0704409213
BTC,2019-12-08,7532.1235130864,7511.8846051368,7619.6660178313,7475.0155939926
BTC,2019-12-09,7550.2391998746,7532.1235130405,7573.1560176261,7387.1540158748
BTC,2019-12-10,7333.0960431601,7550.2388152349,7652.7426061678,7285.2277677358
BTC,2019-12-11,7239.762575441,7333.0958889046,7394.5046757608,7161.5272908812
BTC,2019-12-12,7198.0666770463,7240.0782270224,7269.4743912492,7131.6440544468
BTC,2019-12-13,7190.2723692612,7203.9566063196,7282.3361427744,7081.8802205187
BTC,2019-12-14,7238.8743229875,7188.0718951202,7297.5888943435,7183.2017544808
BTC,2019-12-15,7087.0249853497,7238.9930894862,7271.5711842833,7007.4269228552
BTC,2019-12-16,7112.7314761241,7087.0249577639,7198.3238397492,7007.5588139996
BTC,2019-12-17,6883.4963937703,7112.5049767671,7139.5802433663,6828.4794483346
BTC,2019-12-18,6584.0288433458,6884.6615535556,6933.7411793769,6565.0096445899
BTC,2019-12-19,7424.0154002314,6584.0304242163,7424.0640296275,6427.9593864456
BTC,2019-12-20,7147.5683237876,7285.1220444953,7367.1588561057,7043.1622494564
BTC,2019-12-21,7139.9333705301,7147.5690010018,7177.3921510618,7076.1110403604
BTC,2019-12-22,7286.3350811573,7155.2131745547,7328.9308126043,7122.024233486
BTC,2019-12-23,7236.9862046092,7286.3363101526,7356.6405191403,7083.7347260972
BTC,2019-12-24,7166.1723785327,7236.9860862933,7498.7973044554,7127.9362547168
BTC,2019-12-25,7235.6266504955,7166.1730451795,7292.0067358272,7045.1229145654
BTC,2019-12-26,7212.8093952216,7235.6235815876,7277.8041110461,7120.2139500788
BTC,2019-12-27,7183.7065360296,7212.8083613511,7427.4722801559,7105.7238635861
BTC,2019-12-28,7227.2937116818,7183.7060825993,7251.38124578,7065.2783084265
BTC,2019-12-29,7311.560643923,7227.2943882922,7348.7897943166,7217.0795968016
BTC,2019-12-30,7385.464847913,7315.1515481719,7520.6370340888,7272.5937907838
BTC,2019-12-31,7251.2767943228,7379.1578812114,7396.6033217963,7202.130765888
BTC,2020-01-01,7179.9578192867,7251.2778875377,7298.8920416221,7119.6269458661
BTC,2020-01-02,7174.7440119511,7179.9576886221,7237.014865974,7152.9924021269
BTC,2020-01-03,6955.4875796712,7174.712356544,7190.1887492761,6914.8574738005
BTC,2020-01-04,7291.2195053189,6955.4875796713,7390.0418350594,6852.0934014516
BTC,2020-01-05,7337.6366701377,7291.2175035999,7390.7629353266,7263.1786956072
BTC,2020-01-06,7347.4332644392,7337.421390676,7487.3338707877,7316.7633702616
BTC,2020-01-07,7713.8607536496,7351.5788898737,7749.6486132989,7339.7025230938
BTC,2020-01-08,8039.6037008183,7714.9084837456,8192.1588771153,7708.8853512691
BTC,2020-01-09,8067.6063690564,8046.8029434773,8463.1834184145,7871.0354994792
BTC,2020-01-10,7808.7013638165,8046.1115292961,8046.2838824034,7755.4012267825
BTC,2020-01-11,8087.4528852359,7808.7037326474,8136.4991260981,7670.4577915925
BTC,2020-01-12,8078.9935319903,8195.4759992712,8278.6605796425,8008.905116977
BTC,2020-01-13,8149.3137171468,8080.2296143216,8188.3858023401,7959.5335219804
BTC,2020-01-14,8116.9610079465,8150.8073363647,8191.1877148195,8035.3155303557
BTC,2020-01-15,8735.1424391365,8110.5112347453,8848.9219945188,8108.9540387696
BTC,2020-01-16,8843.6757322237,8735.1484173123,8897.643792588,8558.7443773392
BTC,2020-01-17,8711.6375778988,8825.385428024,8855.5301353874,8587.5183510031
BTC,2020-01-18,8925.2990284456,8711.6373107297,9009.5337001471,8665.0115377476
BTC,2020-01-19,8939.8643002492,8925.3034863741,8971.8906323129,8803.0944350362
BTC,2020-01-20,8638.1814404614,8939.8799944275,9181.9727908014,8455.129027536
BTC,2020-01-21,8652.6837629859,8638.1827126888,8739.3538192252,8502.5703185337
BTC,2020-01-22,8708.786013433,8652.6824688107,8783.7501000075,8486.3404573779
BTC,2020-01-23,8635.0743569587,8708.8352221244,8797.7736140327,8575.1032855126
BTC,2020-01-24,8384.0887767671,8635.074107528,8665.2724059751,8277.8091268159
BTC,2020-01-25,8451.2322960209,8381.5997737175,8512.454206647,8220.8673894814
BTC,2020-01-26,8347.567505406,8451.2321285783,8458.2839929308,8256.0430665915
BTC,2020-01-27,8562.307470442,8347.5699512759,8597.9041431215,8282.3583072511
BTC,2020-01-28,8881.9623914604,8562.307388095,8982.0354404362,8554.1256336151
BTC,2020-01-29,9131.1149880642,8877.7336172999,9176.3886480302,8874.2848186197
BTC,2020-01-30,9320.9784062486,9131.1146528164,9432.6774872835,9104.8240633841
BTC,2020-01-31,9545.0779565894,9288.5226462662,9633.2510350153,9185.1813402348
BTC,2020-02-01,9388.8807518859,9548.5453758381,9558.4326133253,9198.6590414019
BTC,2020-02-02,9363.1933827575,9388.8790704776,9451.0645797253,9284.4105590399
BTC,2020-02-03,9385.2603858419,9375.2268312725,9465.4879070367,9150.5345727305
BTC,2020-02-04,9269.7070348447,9385.2597687902,9603.1055824836,9222.9464935155
BTC,2020-02-05,9177.8946372066,9286.2077761598,9349.2470579603,9072.5882144438
BTC,2020-02-06,9625.4566372011,9177.8957937954,9745.1713772974,9147.6522811203
BTC,2020-02-07,9681.3774113095,9600.4035851114,9856.4477732891,9527.1516688188
BTC,2020-02-08,9795.3440659492,9681.3776995274,9872.6160693597,9653.132962425
BTC,2020-02-09,9927.7782564213,9795.343586045,9939.6715013086,9660.3091570566
BTC,2020-02-10,10132.706499106,9900.6846345293,10175.9070114234,9888.1547646154
BTC,2020-02-11,9838.9000162764,10132.7064787693,10197.1992831582,9752.1957570763
BTC,2020-02-12,10236.6351482326,9851.6442542986,10351.4559262839,9711.3609146837
BTC,2020-02-13,10364.9262882252,10236.7932647241,10489.7798581491,10218.5228603197
BTC,2020-02-14,10218.0997373046,10364.2323800436,10516.9179252276,10097.7616888251
BTC,2020-02-15,10367.5279981077,10234.467701605,10598.0301607446,10108.1591627515
BTC,2020-02-16,9926.353690569,10367.5274787261,10397.5364799673,9810.9280724781
BTC,2020-02-17,9876.2349632052,9926.3534545451,10052.3546170894,9642.4650322727
BTC,2020-02-18,9636.6240948155,9933.9019334018,9966.09538429,9468.2926979618
BTC,2020-02-19,10189.9959829746,9636.6243453088,10272.7948244353,9615.2634207426
BTC,2020-02-20,9701.0371914987,10190.007761341,10290.3042606394,9365.7802995899
BTC,2020-02-21,9631.4849459561,9608.9319696903,9704.6926251028,9410.9214156628
BTC,2020-02-22,9670.8586543715,9631.4825593356,9770.3406915984,9579.2374087583
BTC,2020-02-23,9689.0867428481,9696.5330638773,9724.3363918137,9575.0544894763
BTC,2020-02-24,9919.5514478418,9689.0859922174,10008.5404721395,9666.5194970895
BTC,2020-02-25,9640.4695050585,9921.0485615766,10008.3784911882,9480.1859420408
BTC,2020-02-26,9392.8696287195,9640.4685621125,9679.5950897831,9251.1158336841
BTC,2020-02-27,8787.9783631624,9392.868579469,9393.8641369143,8626.9357463294
BTC,2020-02-28,8784.9953524383,8790.3368531973,8977.5855649234,8530.4963793833
BTC,2020-02-29,8778.4705108021,8818.1022690105,8904.1262180007,8459.6952608372
BTC,2020-03-01,8639.5914172977,8778.4673162913,8806.8449653776,8591.2925399615
BTC,2020-03-02,8548.9483224221,8639.5920809829,8747.7257181204,8412.7233290889
BTC,2020-03-03,8923.0443982559,8549.0459988488,8977.3332033247,8491.456294967
BTC,2020-03-04,8791.1120581303,8916.7398900879,8919.2637483471,8652.8090244274
BTC,2020-03-05,8756.9610624113,8791.112072677,8852.2566596498,8682.6845936939
BTC,2020-03-06,9078.5787771302,8756.9621160099,9172.1382578197,8745.9929560968
BTC,2020-03-07,9126.6368222216,9073.1601342024,9191.1503397165,9004.9447121357
BTC,2020-03-08,8925.2134877789,9126.8883175898,9204.6723591899,8858.6475568679
BTC,2020-03-09,8166.3138940249,8925.217517945,8925.3830385259,8163.6824715264
BTC,2020-03-10,7875.7508752183,8166.313267607,8256.1255068954,7625.18961911
BTC,2020-03-11,7959.2282742121,7939.2528230561,8159.1579194117,7745.1520785995
BTC,2020-03-12,7955.3062841815,7959.2336539695,7984.60248779,7591.897234712
BTC,2020-03-13,5800.2089048343,7954.4400079769,7977.8436803201,5568.0166896362
BTC,2020-03-14,5672.6812010316,5803.7943141679,6013.2528924193,3867.0913120448
BTC,2020-03-15,5304.149952186,5672.6511129606,5809.6402964717,5214.7743017463
BTC,2020-03-16,5355.1873735338,5304.1490746261,6115.8344783085,5076.8620925173
BTC,2020-03-17,4944.7023359837,5359.5819953221,5439.4667029544,4452.2605452255
BTC,2020-03-18,5465.582594124,4944.6925087191,5558.1292949021,4921.2031446622
BTC,2020-03-19,5363.8228532507,5465.555260981,5466.942335409,5043.0750917129
BTC,2020-03-20,6301.0634040737,5363.8162302599,6428.7804432327,5274.927111767
BTC,2020-03-21,6185.2798385235,6301.1202913009,6942.9352678443,5680.1032816327
BTC,2020-03-22,6187.0537502172,6176.205753566,6470.3547667067,5883.7541571284
BTC,2020-03-23,5884.3401334651,6187.042145894,6431.8731619281,5802.5534018084
BTC,2020-03-24,6455.4546882515,5829.352510533,6620.8582532297,5694.1982989147
BTC,2020-03-25,6784.3180114254,6455.4506497597,6863.6021964479,6406.0374386706
BTC,2020-03-26,6706.9850891337,6784.3252039507,6981.7203862999,6488.1118850734
BTC,2020-03-27,6721.4953923809,6697.9483199297,6796.0537009424,6537.856462365
BTC,2020-03-28,6682.7800491951,6718.0848719058,6865.5414242377,6597.3075835098
BTC,2020-03-29,6229.4883428258,6682.780622083,6688.0432774437,6044.4751102185
BTC,2020-03-30,5922.4898350924,6229.4933199122,6284.2724607738,5879.7775279033
BTC,2020-03-31,6483.7394455297,5879.8168356462,6615.7864800561,5858.8579348981
BTC,2020-04-01,6446.4213468415,6483.6170416022,6533.0649088302,6344.6335361166
BTC,2020-04-02,6537.3364615033,6446.4426671473,6605.4444557466,6159.5824510417
BTC,2020-04-03,6850.5587116906,6537.6869903915,7212.7251455572,6519.9348986302
BTC,2020-04-04,6776.370093566,6796.9251957499,7049.7063662037,6612.6779556242
BTC,2020-04-05,6855.9332644576,6772.0073009494,7003.1261340455,6664.6108047468
BTC,2020-04-06,6805.3622868989,6873.720047521,6908.855128041,6684.7157318651
BTC,2020-04-07,7278.2439697658,6809.0045677517,7319.9780929005,6775.1110139068
BTC,2020-04-08,7175.6674765579,7277.7042816172,7464.7322447448,7081.6392093517
BTC,2020-04-09,7367.2933984502,7175.6694181696,7424.7437205815,7155.2110526204
BTC,2020-04-10,7321.8166138877,7366.9009606414,7399.4691329835,7125.7755189952
BTC,2020-04-11,6866.3981890103,7321.8157461222,7325.3247779259,6752.5936636938
BTC,2020-04-12,6873.848495157,6872.1372659497,6949.7888750096,6777.8896942429
BTC,2020-04-13,7043.4388635241,6873.8485549066,7201.9903551464,6797.7790628043
BTC,2020-04-14,6889.8637723481,7043.4388929919,7050.7710252237,6600.7714938355
BTC,2020-04-15,6887.554907833,6889.8639781647,6991.3263967632,6772.3221319856
BTC,2020-04-16,6718.7999502834,6887.5488979254,6942.9070804085,6701.0211163339
BTC,2020-04-17,7166.5828171387,6628.9752825049,7178.7658941716,6486.5313078652
BTC,2020-04-18,7065.0823890422,7162.5272306278,7200.3172088039,6996.1491089494
BTC,2020-04-19,7277.1405855631,7065.0660857569,7301.814370888,7029.0159611769
BTC,2020-04-20,7185.87030343,7277.1406537464,7292.862985328,7066.9471850573
BTC,2020-04-21,6856.1464345446,7185.8708309939,7221.9159066607,6764.4306986679
BTC,2020-04-22,6904.4757726979,6856.1464256671,6954.0051366353,6782.2393714434
BTC,2020-04-23,7118.3887479246,6904.4762213559,7165.5200044019,6831.9479064183
BTC,2020-04-24,7562.0328317455,7118.3889150784,7725.6716992521,7037.5548449005
BTC,2020-04-25,7497.8617638281,7556.0192600486,7608.3111430331,7407.2669223098
BTC,2020-04-26,7542.3034007032,7497.8598814457,7702.0189800703,7445.6858982455
BTC,2020-04-27,7624.8537859232,7542.3031009324,7707.5942705341,7503.7701429692
BTC,2020-04-28,7776.5075425684,7624.8543379743,7798.2766558804,7621.4870822181
BTC,2020-04-29,7761.7587840758,7788.5742294836,7793.6360176131,7677.1787739545
BTC,2020-04-30,8773.1064879583,7761.7586189955,8973.0792774804,7725.5426535376
BTC,2020-05-01,8767.6726233679,8768.0471796589,9469.0784232378,8415.4747401737
BTC,2020-05-02,8853.7744840141,8767.6721431836,9073.817530476,8593.380362901
BTC,2020-05-03,8963.057557797,8850.7887561659,9037.3419273063,8780.0379253879
BTC,2020-05-04,8904.713816537,9002.3969164711,9223.3855340319,8747.4334188812
BTC,2020-05-05,8887.5058925872,8904.5593937405,8968.5322344028,8539.5111073234
BTC,2020-05-06,8978.2835871237,8887.5074730474,9112.8661506733,8784.0995901784
BTC,2020-05-07,9371.6842727917,9032.1832265712,9392.6354471211,8927.7770678731
BTC,2020-05-08,9900.678866615,9371.6799704477,9958.7339977809,9065.9210447116
BTC,2020-05-09,9917.2484143422,9903.8307542943,10062.7159146252,9732.8065476399
BTC,2020-05-10,9617.5181949278,9917.2531744633,9957.1109283117,9546.0409925606
BTC,2020-05-11,8786.655181651,9616.3770636512,9650.0186029482,8166.4921878884
BTC,2020-05-12,8608.125245038,8733.6379434978,9176.1863902424,8206.3315046888
BTC,2020-05-13,8815.2312449023,8608.1199369808,8980.6245047804,8509.5642150125
BTC,2020-05-14,9330.986484701,8823.7808313463,9416.5901827296,8802.9165603225
BTC,2020-05-15,9757.2965855933,9330.9852680521,9940.9560817515,9273.4165870495
BTC,2020-05-16,9362.6355569661,9795.2825564091,9848.1853608679,9155.515350643
BTC,2020-05-17,9418.9185505051,9362.6366461472,9583.062439468,9219.3622046505
BTC,2020-05-18,9684.7019593528,9418.913715302,9879.7120397774,9327.7638326824
BTC,2020-05-19,9723.6801504531,9673.8366316087,9933.9762248941,9523.8489924753
BTC,2020-05-20,9719.4808544776,9723.3169934073,9899.77599404,9473.7422660036
BTC,2020-05-21,9540.8865665842,9719.2544893493,9834.55781877,9332.915195977
BTC,2020-05-22,9141.150637421,9540.2089222634,9571.081814946,8806.7428387451
BTC,2020-05-23,9192.8451358053,9139.8904009519,9265.2515997115,8934.3807281482
BTC,2020-05-24,9220.0758874664,9192.8452548062,9311.8493382119,9093.8343146841
BTC,2020-05-25,9048.7151191611,9219.7460361167,9301.1793115488,8856.4708625726
BTC,2020-05-26,8905.7816045384,9048.6923718826,9051.6929603465,8645.2125479474
BTC,2020-05-27,8835.7272240409,8905.7469216755,9010.8974427745,8707.1240715533
BTC,2020-05-28,9112.9791755927,8835.7272237508,9224.7449647518,8820.5491927792
BTC,2020-05-29,9507.5246646633,9113.1778359026,9523.4574741366,9008.0584497886
BTC,2020-05-30,9425.2818691896,9507.5637917984,9621.6132306645,9335.814885905
BTC,2020-05-31,9688.324390372,9434.033791627,9732.9439791453,9334.9128323857
BTC,2020-06-01,9427.6700841394,9688.5399317488,9698.1408541243,9394.2753873132
BTC,2020-06-02,10268.5819847333,9427.2325353578,10357.7891656244,9417.354211719
BTC,2020-06-03,9516.1354430882,10268.231876664,10292.7030968576,9298.9209500344
BTC,2020-06-04,9667.0607542595,9516.3798280647,9680.2064436579,9406.9711871222
BTC,2020-06-05,9811.367094602,9667.0854019559,9875.6621271187,9472.2510484788
BTC,2020-06-06,9659.6612981892,9811.8293775976,9860.2314469319,9619.6174589658
BTC,2020-06-07,9677.0509945125,9659.0531176385,9736.2711280708,9542.7733979468
BTC,2020-06-08,9737.458558786,9677.050683736,9804.4464866884,9392.8429259367
BTC,2020-06-09,9791.9278997681,9737.4574466497,9803.5735159591,9652.3101139661
BTC,2020-06-10,9786.1420204782,9790.073884068,9870.5193874417,9610.0243540348
BTC,2020-06-11,9874.967047524,9787.914130709,9979.7155257569,9711.8595804282
BTC,2020-06-12,9260.8326409877,9875.0142135212,9962.1803308167,9108.4730458288
BTC,2020-06-13,9464.2280968215,9261.4814437625,9558.7706017956,9238.3891810973
BTC,2020-06-14,9458.6597544046,9464.0860788641,9492.8998835231,9359.8470466204
BTC,2020-06-15,9351.9537280097,9458.6597530336,9481.6974527721,9250.0324075518
BTC,2020-06-16,9441.7689955465,9351.6054773864,9498.609998889,8910.1982654435
BTC,2020-06-17,9510.6606372934,9442.0169879651,9595.2229348834,9380.7460796455
BTC,2020-06-18,9457.6270744096,9510.6412664837,9557.4684199857,9240.6460560184
BTC,2020-06-19,9398.6420936216,9457.4648370114,9480.3744873948,9276.4270939835
BTC,2020-06-20,9279.7607651662,9398.6856028871,9427.1776609648,9236.6572719404
BTC,2020-06-21,9353.0781961865,9278.4691460412,9391.0250942378,9178.3822794606
BTC,2020-06-22,9289.104491444,9353.0781871345,9412.6485046188,9278.9232260848
BTC,2020-06-23,9680.9471278957,9288.603159701,9775.102839222,9272.796157314
BTC,2020-06-24,9609.6802455253,9680.9471289833,9720.7652405271,9576.910847921
BTC,2020-06-25,9311.1363183171,9609.680245524,9678.9860797608,9206.9588946905
BTC,2020-06-26,9252.6333717662,9310.9896455256,9333.3460568584,9002.3744683154
BTC,2020-06-27,9171.7320857653,9252.6847128695,9292.2453669875,9046.2313649675
BTC,2020-06-28,9022.1537680028,9171.5540124669,9192.7682653593,8843.3177021008
BTC,2020-06-29,9101.8500573564,9022.0121258159,9190.1174784507,8949.7559742094
BTC,2020-06-30,9188.0613754617,9101.8777027488,9233.5293611412,9032.4354826268
BTC,2020-07-01,9148.4448585576,9188.0374007629,9201.6487941318,9067.1908399612
BTC,2020-07-02,9236.3167704303,9141.3482599688,9300.9989833628,9096.7786459199
BTC,2020-07-03,9097.7973663897,9240.1696284865,9267.1230218636,8957.6328010018
BTC,2020-07-04,9094.3245610188,9097.6836278241,9132.985825035,9065.858011514
BTC,2020-07-05,9124.653534398,9067.9374872454,9190.8189866829,9051.8707264143
BTC,2020-07-06,9055.4644825162,9141.0750702453,9149.7655840554,8919.7629805208
BTC,2020-07-07,9278.8056370407,9078.6141268178,9356.3274209406,9063.7276271287
BTC,2020-07-08,9244.4158145353,9344.9876259665,9374.0835326574,9216.5180479245
BTC,2020-07-09,9471.7599734203,9262.8052511081,9472.0800667072,9239.5432967104
BTC,2020-07-10,9236.1432537083,9444.7281118768,9449.9112433728,9173.165153858
BTC,2020-07-11,9243.1752591504,9239.4733507852,9260.349784693,9133.9623381373
BTC,2020-07-12,9229.85975494,9289.5800289992,9304.9625505212,9190.0326227444
BTC,2020-07-13,9286.737042085,9243.7662534181,9349.001062043,9170.7353602852
BTC,2020-07-14,9238.9937548587,9310.3950688791,9339.8069862093,9206.2919781178
BTC,2020-07-15,9260.4709801845,9241.7637243217,9279.0932219554,9125.2145235453
BTC,2020-07-16,9211.0264328947,9261.5114252243,9275.4524402921,9167.6497205035
BTC,2020-07-17,9133.7778303426,9192.6236656576,9219.4264918104,9048.0849218389
BTC,2020-07-18,9160.4105914881,9132.4547469077,9186.9617904779,9085.9776186679
BTC,2020-07-19,9176.6863901004,9159.3692809037,9212.5209440085,9130.0223005177
BTC,2020-07-20,9190.2715341962,9182.9144185743,9197.7265235545,9117.0586990983
BTC,2020-07-21,9172.5883325719,9213.3585655462,9223.0765201485,9152.2806486365
BTC,2020-07-22,9395.0644458829,9166.2982305916,9445.5793193109,9159.9725786743
BTC,2020-07-23,9530.7908853474,9399.7302384002,9551.9964118569,9313.812943823
BTC,2020-07-24,9617.3778613786,9534.1162687428,9681.9094523032,9452.7444758205
BTC,2020-07-25,9568.9747259614,9617.3894591667,9646.9571178644,9479.577350917
BTC,2020-07-26,9708.9491400965,9557.0653141715,9746.5560964971,9546.0325278773
BTC,2020-07-27,9938.9512228609,9714.6851230125,10135.8821643264,9670.416834467
BTC,2020-07-28,11187.7797269617,9940.1115733741,11394.8487535237,9930.8399598193
BTC,2020-07-29,10939.6701415471,11040.7904712931,11254.5513449472,10580.1285959048
BTC,2020-07-30,11284.4589868467,10930.4527755009,11318.0870993111,10852.8809682788
BTC,2020-07-31,11118.918412434,11118.8885842583,11180.4306350356,10847.2008450732
BTC,2020-08-01,11373.3172566418,11112.4211580953,11467.9505883319,10980.8239146191
BTC,2020-08-02,11766.7482970949,11352.7150357317,11880.7736350462,11241.9767726787
BTC,2020-08-03,11139.0983803526,11820.5129134748,12117.677084322,10658.9460782408
BTC,2020-08-04,11261.8063317402,11071.2671075218,11480.2833822028,10956.5629107227
BTC,2020-08-05,11228.0263240165,11237.224514327,11400.064190075,11045.9684181395
BTC,2020-08-06,11653.4075855619,11196.2874567594,11791.103226516,11107.1351991662
BTC,2020-08-07,11796.8173649898,11756.8948577037,11917.765041122,11581.5751327779
BTC,2020-08-08,11639.9354101265,11780.0440057381,11917.8591535984,11347.4127941763
BTC,2020-08-09,11744.9120755023,11610.9086952199,11814.9566576843,11543.347697236
BTC,2020-08-10,11673.1232375366,11770.4509749131,11802.6629274829,11536.7528578784
BTC,2020-08-11,11832.2273081293,11693.179446991,12070.4418199443,11546.9577573617
BTC,2020-08-12,11340.5823406437,11903.3334960484,11941.651803396,11137.8136766082
BTC,2020-08-13,11549.5463143706,11399.0684836049,11626.2378361915,11166.5447761747
BTC,2020-08-14,11752.1686562261,11571.1026297982,11795.4357474646,11287.6467938063
BTC,2020-08-15,11783.2834112599,11789.9595335822,11867.2829097954,11663.4114600206
BTC,2020-08-16,11895.6269498904,11782.7855891469,11987.6515538818,11714.5890244435
BTC,2020-08-17,11896.9471701861,11862.3874192118,11938.876104565,11705.4926105141
BTC,2020-08-18,12399.1118846619,11916.5802233749,12476.6970382192,11778.3037122251
BTC,2020-08-19,12071.738909085,12299.816206832,12391.8407139912,11840.3923682921
BTC,2020-08-20,11749.8295087584,11959.0293875851,12029.757987286,11589.5761997377
BTC,2020-08-21,11833.8973486966,11766.1831250181,11899.9634080996,11690.1550814447
BTC,2020-08-22,11583.1389426341,11866.284009762,11890.0316581913,11525.2612265043
BTC,2020-08-23,11674.6243539052,11539.7172880236,11694.4704937309,11393.2103252401
BTC,2020-08-24,11666.4101222366,11677.0582433558,11726.2345831963,11539.0898147759
BTC,2020-08-25,11744.0126966495,11660.3968241197,11835.3592754944,11601.7406616552
BTC,2020-08-26,11378.7260298071,11759.3613990679,11771.3353010036,11133.1687564421
BTC,2020-08-27,11458.8225964867,11334.0357287587,11546.2023922422,11265.2281386883
BTC,2020-08-28,11302.1209644988,11467.2906543538,11594.646260832,11157.0857448676
BTC,2020-08-29,11482.2256865058,11339.7480170355,11553.5391758695,11294.1859095592
BTC,2020-08-30,11515.0444306934,11540.7286407004,11586.306568912,11435.4007555714
BTC,2020-08-31,11657.0039342288,11483.1287455262,11694.6708006309,11476.0720204022
BTC,2020-09-01,11678.3732554192,11712.9726181329,11799.5294386036,11579.8832858807
BTC,2020-09-02,11964.2086724627,11661.4273392082,12070.2274056138,11544.4200320475
BTC,2020-09-03,11427.7026049712,11923.1996398265,11954.16267982,11217.4538310774
BTC,2020-09-04,10712.9206460713,11409.7263346148,11470.8070207892,10505.146810169
BTC,2020-09-05,10563.896938616,10177.7216415213,10644.2411739565,10118.7186111835
BTC,2020-09-06,10042.8548543675,10470.0266856065,10574.3073061536,9894.2253997185
BTC,2020-09-07,10207.6050029603,10174.8634317217,10355.6524945565,10014.2776608264
BTC,2020-09-08,10381.7761069335,10265.742989012,10383.1192364612,9891.7342430833
BTC,2020-09-09,10043.1964412914,10381.6768155354,10444.1711251332,9868.9379844287
BTC,2020-09-10,10268.460915747,10136.5608354675,10352.4151885305,9989.5105561014
BTC,2020-09-11,10341.0159838502,10230.6355279248,10483.5612078481,10224.0373930738
BTC,2020-09-12,10380.5395972283,10347.6612052229,10403.7556825787,10214.6697297992
BTC,2020-09-13,10436.3654083593,10400.8554489956,10484.8758976063,10286.4274703269
BTC,2020-09-14,10313.06857949,10450.9495202941,10585.8806609663,10226.423921543
BTC,2020-09-15,10680.2975611652,10337.7125787577,10759.1361004772,10281.5801429775
BTC,2020-09-16,10829.5053071986,10683.0029092306,10944.6513147568,10636.1882565115
BTC,2020-09-17,11033.3835264817,10792.310232955,11103.7964773236,10683.7902626432
BTC,2020-09-18,10937.1112591004,10966.3864837182,11061.2846341274,10762.4173846999
BTC,2020-09-19,10933.9311623986,10947.2313749917,11035.0532006914,10830.8524712229
BTC,2020-09-20,11048.8792781597,10940.1344713816,11180.3953060606,10904.1996180411
BTC,2020-09-21,10852.9101389415,11085.4290035282,11085.4290035282,10773.3321939825
BTC,2020-09-22,10526.2028872017,10925.5107857605,10991.6945403675,10322.5948179629
BTC,2020-09-23,10531.1645626345,10423.2715453539,10579.3013124516,10371.916571773
BTC,2020-09-24,10260.0330124118,10536.3172190874,10541.1688820786,10209.0631341198
BTC,2020-09-25,10672.956808056,10241.1658885228,10712.4992539564,10200.8827845536
BTC,2020-09-26,10729.0696074184,10736.6523400888,10759.7110963479,10569.4345752446
BTC,2020-09-27,10741.4764675217,10692.4642665144,10777.5759148102,10657.5231488127
BTC,2020-09-28,10752.3454497531,10734.5012351537,10802.3740721686,10599.5884111564
BTC,2020-09-29,10863.0657239052,10776.304357975,10948.0626580689,10776.304357975
BTC,2020-09-30,10764.2843707196,10691.9785592244,10793.6034928953,10640.69414506
BTC,2020-10-01,10741.5795494951,10843.3882629583,10849.7307262805,10672.7950329819
BTC,2020-10-02,10626.6009564965,10778.8984931299,10931.6335029085,10470.6937235837
BTC,2020-10-03,10567.330195233,10624.9107244657,10670.7105642163,10386.9113843656
BTC,2020-10-04,10555.0286787811,10578.9195698628,10609.2374802825,10512.3393437875
BTC,2020-10-05,10660.6111826447,10559.3146596647,10702.511383231,10535.822715254
BTC,2020-10-06,10756.4045849204,10672.1654447003,10770.4630113184,10630.9564940911
BTC,2020-10-07,10589.6263935253,10793.1520609928,10798.9813154544,10543.4891054927
BTC,2020-10-08,10645.7547867781,10600.6607792141,10680.6412336426,10554.8416671625
BTC,2020-10-09,10897.5954315054,10669.0700425233,10949.3433682848,10544.3757953325
BTC,2020-10-10,11052.3950836712,10929.5926190082,11106.3344556469,10843.4742988665
BTC,2020-10-11,11360.8527168674,11059.8135659572,11484.1644844347,11058.740486372
BTC,2020-10-12,11334.0267420322,11293.2070111851,11436.2114811727,11282.5035579667
BTC,2020-10-13,11666.2117003214,11372.1099580183,11723.6438586845,11210.8613391446
BTC,2020-10-14,11443.7327918222,11534.6095670768,11564.6400594222,11333.5349188957
BTC,2020-10-15,11395.54736637,11431.094043731,11540.0649248376,11302.777035928
BTC,2020-10-16,11504.5490067109,11433.4575377533,11610.2503973752,11291.8980921613
BTC,2020-10-17,11355.1604394509,11511.9021994873,11544.4860094834,11227.0710565791
BTC,2020-10-18,11358.7063796297,11329.9947283176,11410.1636831398,11282.9478878572
BTC,2020-10-19,11471.002547787,11368.4123458737,11486.9854110308,11356.1741600839
BTC,2020-10-20,11776.5929973295,11514.6450997633,11825.6477430236,11419.0822862089
BTC,2020-10-21,11936.3629133377,11754.182025232,11993.9258790889,11693.7839412718
BTC,2020-10-22,13102.9344615485,11920.4113894318,13109.1659719966,11900.2138386315
BTC,2020-10-23,13140.669284056,12801.6880683713,13192.2528680567,12697.4570465989
BTC,2020-10-24,12933.8235654933,12980.8801029984,13029.9638916088,12731.0577925978
BTC,2020-10-25,13081.6725594906,12929.849401313,13168.3388281505,12877.9380142046
BTC,2020-10-26,13008.4532577537,13115.8335202351,13342.7502810151,12906.7005924555
BTC,2020-10-27,13033.5242700816,13038.9155413432,13243.9958996727,12811.5460262308
BTC,2020-10-28,13721.2822248459,13069.2361375308,13756.3317007068,13062.408791572
BTC,2020-10-29,13282.2603479223,13647.5729161687,13847.5335152864,12894.8993187494
BTC,2020-10-30,13467.7317828145,13280.3655897563,13640.1389353,12994.9843724157
BTC,2020-10-31,13573.7105031536,13461.3835155182,13667.7472267308,13134.4800757725
BTC,2020-11-01,13891.2168331626,13574.9272175126,14093.0529474286,13438.9353824936
BTC,2020-11-02,13730.1973109361,13810.6419810949,13907.3129511633,13641.5403361361
BTC,2020-11-03,13633.6982168925,13768.9567647471,13837.8511820722,13270.2073365724
BTC,2020-11-04,13832.9384097683,13565.1306758904,13842.4745440347,13301.6119508358
BTC,2020-11-05,14163.9768155039,14014.7348817962,14257.5297066562,13582.4022020307
BTC,2020-11-06,15424.527676687,14156.6086373512,15494.5781747216,14104.9020894105
BTC,2020-11-07,15540.5965908122,15607.5054966298,15971.6414160533,15202.7645070968
BTC,2020-11-08,14783.9816785334,15603.2585399726,15764.1046995842,14330.6818321216
BTC,2020-11-09,15500.3342547421,14820.4364683332,15657.1290415238,14711.5481916284
BTC,2020-11-10,15283.7801387338,15481.90607704,15810.7737858324,14845.7917621777
BTC,2020-11-11,15374.0443857602,15327.5883894758,15448.4127535465,15092.389798398
BTC,2020-11-12,15820.4952410758,15316.7490120132,15973.0760779871,15294.2933232501
BTC,2020-11-13,16253.3102719418,15701.8651040755,16348.4627957539,15474.7610848607
BTC,2020-11-14,16347.0449203531,16302.8428022629,16487.4881476243,15971.1427991995
BTC,2020-11-15,15991.833024404,16329.7988908906,16333.5131389819,15718.8887882143
BTC,2020-11-16,15918.0801281116,16078.9700118578,16167.3969220473,15792.7790777436
BTC,2020-11-17,16752.0029899638,15969.5160057601,16885.5801948686,15881.7038454383
BTC,2020-11-18,17593.4864149334,16718.599655511,17831.2311843388,16560.9996274263
BTC,2020-11-19,17834.6365337098,17672.6528364115,18358.9762512732,17283.4948533778
BTC,2020-11-20,17954.8580090953,17786.2125755205,18170.8302741776,17381.2362634077
BTC,2020-11-21,18612.870672181,17823.3433048082,18813.4076918441,17762.9288222253
BTC,2020-11-22,18591.8566047532,18666.5802245562,18964.6435144085,18368.2899589986
BTC,2020-11-23,18629.995537256,18683.8472010104,18732.9913156418,17806.2675986902
BTC,2020-11-24,18469.2004694785,18405.5557000806,18752.160039632,17990.1108860579
BTC,2020-11-25,19045.7364656531,18370.2196087254,19392.9086751275,18059.2654337777
BTC,2020-11-26,18746.9348067039,19136.0829674867,19391.4636603479,18640.6421794386
BTC,2020-11-27,17187.4062763281,18719.207158875,18908.6355321966,16242.7029385894
BTC,2020-11-28,17023.9614000906,17180.7187297796,17482.2001046051,16489.3026655507
BTC,2020-11-29,17814.7802784355,17159.1094973637,17901.3826229953,16906.1761036597
BTC,2020-11-30,18114.4143492772,17742.8230386514,18356.3132272691,17545.1962165085
BTC,2020-12-01,19382.3605858664,18201.2772477534,19850.1144867831,18201.2772477534
BTC,2020-12-02,18980.9774501247,19677.9898439462,19920.5342631125,18171.7505114654
BTC,2020-12-03,19184.8978477411,18796.748641923,19357.1645864629,18360.2317184814
BTC,2020-12-04,19464.5317045601,19220.5901486291,19607.8553439685,18899.4886854844
BTC,2020-12-05,18813.1247602864,19441.558803722,19539.8623502689,18717.1249252498
BTC,2020-12-06,19045.0202725986,18668.1585497632,19200.7919144938,18518.8514200355
BTC,2020-12-07,19113.9333950879,19162.264456097,19347.6249102199,18927.2995560835
BTC,2020-12-08,19107.5997953098,19373.4452349264,19433.0974949195,18931.5712971542
BTC,2020-12-09,18682.4578332067,19177.9261726507,19299.047083554,18630.7424805256
BTC,2020-12-10,18543.0070492215,18320.2331279773,18618.9601329047,17640.5620740623
BTC,2020-12-11,18359.4766003421,18557.4529087425,18565.2161669202,17904.0689862574
BTC,2020-12-12,18137.3193746116,18255.7737538125,18293.5527323749,17593.1720985212
BTC,2020-12-13,18882.2601710641,18040.1706203685,18956.3444440705,18029.1431656364
BTC,2020-12-14,19060.2769012786,18822.5099387013,19408.6746531608,18726.8470852308
BTC,2020-12-15,19251.2240047093,19161.1384661758,19323.1653148993,19015.6859696958
BTC,2020-12-16,19443.4763528278,19264.6703009515,19552.3719782745,19053.3424717506
BTC,2020-12-17,21310.6562622307,19433.1413677812,21447.5238524765,19293.2989610969
BTC,2020-12-18,22895.9762375501,21351.2548089696,23770.8465691182,21248.365334993
BTC,2020-12-19,23008.7762567449,22819.558895542,23261.2528803313,22357.6076472517
BTC,2020-12-20,23890.8226488694,23126.6067653983,24122.6732679864,22781.8767814725
BTC,2020-12-21,23537.3698908908,23829.2848041264,24273.0415046035,23085.9547695747
BTC,2020-12-22,23177.2709979948,23476.0874997189,24081.0530944132,21960.1913477373
BTC,2020-12-23,23433.9807581397,22729.6592907496,23629.4044602146,22384.1278462375
BTC,2020-12-24,23224.4541378534,23791.5652944679,24086.9506606215,22644.5610583725
BTC,2020-12-25,23623.8855332302,23228.9090871597,23737.7571494804,22716.1741673963
BTC,2020-12-26,24581.0061712681,23726.1909988895,24627.297913983,23422.3103250376
BTC,2020-12-27,26381.2962329223,24708.2067842365,26750.8799540068,24497.4108688388
BTC,2020-12-28,26389.2902649448,26447.7080723867,28352.6278235304,25759.0686089471
BTC,2020-12-29,26718.0294634041,26226.0661304597,27447.5513835111,26046.6255781142
BTC,2020-12-30,26975.7295645207,27038.7356756303,27169.2255580213,25875.0497857974
BTC,2020-12-31,28768.8362075267,27349.3272325944,28928.2143914654,27349.2832043642
